station_id,name,short_name,latitude,longitude,region_id,rental_methods,capacity,eightd_has_key_dispenser,num_bikes_available,num_bikes_disabled,num_docks_available,num_docks_disabled,is_installed,is_renting,is_returning,eightd_has_available_keys,last_reported
66dc2995-0aca-11e7-82f6-3863bb44ef7c,W 25 St & 6 Ave,6215.04,40.74395411,-73.99144871,71,"KEY, CREDITCARD",51,FALSE,0,0,0,0,FALSE,FALSE,FALSE,FALSE,01/02/1970 00:00
06439006-11b6-44f0-8545-c9d39035f32a,Vesey St & Church St,5216.06,40.71221958,-74.0104723,71,"KEY, CREDITCARD",48,FALSE,0,0,0,0,FALSE,FALSE,FALSE,FALSE,01/02/1970 00:00
66de269c-0aca-11e7-82f6-3863bb44ef7c,3 Ave & E 72 St,7028.04,40.7699426,-73.96060712,71,"KEY, CREDITCARD",35,FALSE,0,0,0,0,FALSE,FALSE,FALSE,FALSE,12/20/2023 16:47:44
9a40cb60-6ede-4c9e-9d64-dc55cae57f31,28 St & 41 Ave,6462.19,40.751047,-73.93797,71,"KEY, CREDITCARD",27,FALSE,0,0,0,0,FALSE,FALSE,FALSE,FALSE,01/02/1970 00:00
41f2113f-13f3-48b3-9919-179df29011b2,Creston Ave & E 181 St,8456.02,40.8549,-73.90281,71,"KEY, CREDITCARD",23,FALSE,0,0,0,0,FALSE,FALSE,FALSE,FALSE,01/02/1970 00:00
4ad1714c-528e-4200-882f-82082c4d85b0,Creston Ave & E 178 St,8379.07,40.850885,-73.906469,71,"KEY, CREDITCARD",28,FALSE,0,0,0,0,FALSE,FALSE,FALSE,FALSE,01/02/1970 00:00
a3e2b360-f050-48ea-b8c8-57d897b8f7fc,Harman St & Seneca Ave,5002.09,40.70577,-73.91292,71,"KEY, CREDITCARD",19,FALSE,0,0,0,0,FALSE,FALSE,FALSE,FALSE,03/04/2024 18:21
66de0a0a-0aca-11e7-82f6-3863bb44ef7c,Degraw St & Smith St,4298.05,40.6829151,-73.99318208,71,"KEY, CREDITCARD",27,FALSE,0,0,0,0,FALSE,FALSE,FALSE,FALSE,02/05/2024 21:36
606c7384-75e9-4988-858a-07b88b3a9413,Calyer St & Jewel St,5743.02,40.72984,-73.94839,71,"KEY, CREDITCARD",40,FALSE,0,0,0,0,FALSE,FALSE,FALSE,FALSE,2/26/2024 13:55:37
66dc0d3a-0aca-11e7-82f6-3863bb44ef7c,Clermont Ave & Park Ave,4692.01,40.69573398,-73.97129668,71,"KEY, CREDITCARD",19,FALSE,11,4,0,4,TRUE,TRUE,TRUE,FALSE,03/07/2024 00:05
c1e24edf-7192-433f-8d38-be5b6b3647c5,North Moore St & Greenwich St,5470.12,40.72019521,-74.01030064,71,"KEY, CREDITCARD",29,FALSE,11,0,0,27,TRUE,TRUE,TRUE,FALSE,03/07/2024 00:07
3eb10c63-ea4c-4161-b07d-a29034f7367a,Brook Ave & E 141 St,7740.08,40.809619,-73.917875,71,"KEY, CREDITCARD",19,FALSE,12,7,0,0,TRUE,TRUE,TRUE,FALSE,03/07/2024 00:07
fb180cce-96ee-4e66-b3ce-000f3db6e670,Eastern Pkwy & Kingston Ave,3902.06,40.66959,-73.94237,71,"KEY, CREDITCARD",30,FALSE,12,1,0,17,TRUE,TRUE,TRUE,FALSE,03/07/2024 00:06
00284700-9d22-42ce-8485-113fed9879c1,28 Ave & 44 St,6879.04,40.76408932,-73.91065121,71,"KEY, CREDITCARD",19,FALSE,12,1,0,4,TRUE,TRUE,TRUE,FALSE,03/07/2024 00:05
8f672aa7-08a1-4fe2-a471-06f219c0eb1b,Walnut Ave & E 136 St,7639.06,40.801657,-73.909513,71,"KEY, CREDITCARD",17,FALSE,15,2,0,0,TRUE,TRUE,TRUE,FALSE,03/07/2024 00:07
cc834d78-6eca-450a-ae00-a5ffc6f1a7a6,Maurice Ave & 53 Dr,5731.03,40.73028,-73.90421,71,"KEY, CREDITCARD",15,FALSE,15,0,0,0,TRUE,TRUE,TRUE,FALSE,03/07/2024 00:06
8ce7325e-d5c7-46f9-9b73-95356e48c3eb,Longwood Ave & Southern Blvd,7849.1,40.816343,-73.896447,71,"KEY, CREDITCARD",24,FALSE,15,9,0,0,TRUE,TRUE,TRUE,FALSE,03/07/2024 00:06
1849747691035224144,Adams St & 12 St,HB610,40.75188939,-74.03329163,0,"KEY, CREDITCARD",15,FALSE,15,0,0,0,TRUE,TRUE,TRUE,FALSE,03/07/2024 00:06
cf284d60-23e7-49ec-91dc-8bfedb59cb6a,E Tremont Ave & Jerome Ave,8403.02,40.851747,-73.908964,71,"KEY, CREDITCARD",20,FALSE,16,2,0,0,TRUE,TRUE,TRUE,FALSE,03/07/2024 00:06
66de867e-0aca-11e7-82f6-3863bb44ef7c,Greenwich St & Hubert St,5470.1,40.721319,-74.010065,71,"KEY, CREDITCARD",35,FALSE,16,3,0,20,TRUE,TRUE,TRUE,FALSE,03/07/2024 00:07
66de4897-0aca-11e7-82f6-3863bb44ef7c,Columbia St & W 9 St,4086.05,40.6769993,-74.00647134,71,"KEY, CREDITCARD",21,FALSE,16,4,0,0,TRUE,TRUE,TRUE,FALSE,03/07/2024 00:07
1864605926072998676,Sedgwick Ave & Giles Pl,8815.01,40.88111,-73.8965,0,"KEY, CREDITCARD",20,FALSE,16,4,0,0,TRUE,TRUE,TRUE,FALSE,03/07/2024 00:06
66dea52b-0aca-11e7-82f6-3863bb44ef7c,Devoe St & Lorimer St,5259.06,40.71335226,-73.94910336,71,"KEY, CREDITCARD",19,FALSE,17,2,0,0,TRUE,TRUE,TRUE,FALSE,03/07/2024 00:07
b62bcd96-c2db-447c-bdd5-d3c18f174858,Grand Ave & 55 St,5369.01,40.71888,-73.91427,71,"KEY, CREDITCARD",19,FALSE,17,1,0,0,TRUE,TRUE,TRUE,FALSE,03/07/2024 00:07
4cd5a87d-7618-4a15-892d-8cf29eec865c,Tyler Ave & Maurice Ave,5881.01,40.73394,-73.90128,71,"KEY, CREDITCARD",19,FALSE,17,1,0,0,TRUE,TRUE,TRUE,FALSE,03/07/2024 00:06
8dc8c0b3-4d70-40fe-a75a-86e30ecb676b,Caton Ave & E 7 St,3199.01,40.647718,-73.973663,71,"KEY, CREDITCARD",20,FALSE,17,3,0,0,TRUE,TRUE,TRUE,FALSE,03/07/2024 00:06
1861681740276243358,Irwin Ave & W 232 St,8835.05,40.88227,-73.90809,0,"KEY, CREDITCARD",20,FALSE,17,3,0,0,TRUE,TRUE,TRUE,FALSE,03/07/2024 00:07
c3b255d8-b690-4825-b1e9-a1d1680e5542,Kent St & McGuinness Blvd,5785.1,40.73124,-73.95161,71,"KEY, CREDITCARD",20,FALSE,17,3,0,0,TRUE,TRUE,TRUE,FALSE,03/07/2024 00:06
1828966626550010820,77 St & 31 Ave,6718.02,40.75886,-73.89081,0,"KEY, CREDITCARD",20,FALSE,18,2,0,0,TRUE,TRUE,TRUE,FALSE,03/07/2024 00:06
e92414a8-e72f-4a69-a5a1-7f50f4c881e5,2 Ave & 43 St,3428.04,40.65292829,-74.01286483,71,"KEY, CREDITCARD",19,FALSE,18,1,0,0,TRUE,TRUE,TRUE,FALSE,03/07/2024 00:07
9635affa-8b18-42d5-84c4-7f67ad5ef9d0,Alexander Ave & E 134 St,7712.04,40.807466,-73.927107,71,"KEY, CREDITCARD",19,FALSE,18,1,0,0,TRUE,TRUE,TRUE,FALSE,03/07/2024 00:07
7a1ad7c0-4958-4354-91a1-11bf13348abd,56 Dr & 59 St,5579.02,40.72403,-73.90853,71,"KEY, CREDITCARD",19,FALSE,18,1,0,0,TRUE,TRUE,TRUE,FALSE,03/07/2024 00:07
ecbfcdb7-fffc-4d45-bed2-1510fd45834d,Jerome Ave & E 164 St,8096.02,40.831444,-73.926226,71,"KEY, CREDITCARD",21,FALSE,18,2,0,0,TRUE,TRUE,TRUE,FALSE,03/07/2024 00:06
48e7e465-f861-452a-9bf7-7eacd0b2bcac,48 St & 2 Ave,3283.05,40.650176,-74.015606,71,"KEY, CREDITCARD",19,FALSE,18,1,0,0,TRUE,TRUE,TRUE,FALSE,03/07/2024 00:07
3f878b81-324e-4673-9221-43d34647e76f,10 St & 2 Ave,3922.02,40.671907,-73.993612,71,"KEY, CREDITCARD",19,FALSE,18,1,0,0,TRUE,TRUE,TRUE,FALSE,03/07/2024 00:07
1865017865553426604,Stratford Rd & Beverley Rd,3113.1,40.64378,-73.96867,0,"KEY, CREDITCARD",19,FALSE,18,1,0,0,TRUE,TRUE,TRUE,FALSE,03/07/2024 00:06
55fda28d-56a8-4db2-b42a-072714f18471,Schenectady Ave & Maple St,3639.04,40.66178,-73.93445,71,"KEY, CREDITCARD",19,FALSE,18,0,0,0,TRUE,TRUE,TRUE,FALSE,03/07/2024 00:07
1815967313905864892,Rugby Rd & Albemarle Rd,3188.04,40.64672,-73.96637,0,"KEY, CREDITCARD",19,FALSE,18,1,0,0,TRUE,TRUE,TRUE,FALSE,03/07/2024 00:05
1828968691399885056,87 St & 30 Ave,6780.06,40.76156,-73.88167,0,"KEY, CREDITCARD",21,FALSE,18,3,0,0,TRUE,TRUE,TRUE,FALSE,03/07/2024 00:05
d4c34830-972f-4cd1-81bb-071df209d065,W 181 St & Riverside Dr,8381.04,40.85168,-73.94186,71,"KEY, CREDITCARD",21,FALSE,18,3,0,0,TRUE,TRUE,TRUE,FALSE,03/07/2024 00:07
66dd8043-0aca-11e7-82f6-3863bb44ef7c,Pershing Field,JC024,40.74267714,-74.05178863,70,"KEY, CREDITCARD",18,FALSE,18,0,0,0,TRUE,TRUE,TRUE,FALSE,03/07/2024 00:07
1848241791125254746,51 Ave & Junction Blvd,6113.07,40.74087,-73.86772,0,"KEY, CREDITCARD",19,FALSE,19,0,0,0,TRUE,TRUE,TRUE,FALSE,03/07/2024 00:06
7f402242-dc1b-4a48-ba21-58c4fa7216b4,53 Ave & 62 St,5806.01,40.73169,-73.90159,0,"KEY, CREDITCARD",19,FALSE,19,0,0,0,TRUE,TRUE,TRUE,FALSE,03/07/2024 00:06
1202a491-9f76-4609-9b5c-eb7723ab5b45,57 St & Grand Ave,5440.05,40.71921,-73.9124,71,"KEY, CREDITCARD",19,FALSE,19,0,0,0,TRUE,TRUE,TRUE,FALSE,03/07/2024 00:07
a37bd0e0-d1e9-4302-9ff7-286e415aff1c,58 St & 56 Dr,5548.01,40.72419,-73.91244,0,"KEY, CREDITCARD",19,FALSE,19,0,0,0,TRUE,TRUE,TRUE,FALSE,03/07/2024 00:06
1828965671716082498,Cortelyou Rd & E 34 St,3087.01,40.64454,-73.94486,0,"KEY, CREDITCARD",19,FALSE,19,0,0,0,TRUE,TRUE,TRUE,FALSE,03/07/2024 00:06
d6834194-029d-4e2d-83b0-ee78ab5acda2,29 St & 5 Ave,3523.06,40.656986,-73.998194,71,"KEY, CREDITCARD",19,FALSE,19,0,0,0,TRUE,TRUE,TRUE,FALSE,03/07/2024 00:07
1828968794479100296,25 Ave & 85 St,6817.15,40.76328,-73.88404,0,"KEY, CREDITCARD",19,FALSE,19,0,0,0,TRUE,TRUE,TRUE,FALSE,03/07/2024 00:06
1828966882896859944,77 St & 24 Ave,6825.03,40.76428,-73.89156,0,"KEY, CREDITCARD",19,FALSE,19,0,0,0,TRUE,TRUE,TRUE,FALSE,03/07/2024 00:06
10c13fe2-34cb-4aff-bea1-4f5ce877769b,E 142 St & 3 Ave,7781.1,40.812735,-73.923697,71,"KEY, CREDITCARD",19,FALSE,19,0,0,0,TRUE,TRUE,TRUE,FALSE,03/07/2024 00:07
9dde927d-9984-4f97-bcd0-fbcb59e6ca66,57 Rd & 59 St,5510.02,40.72249,-73.90854,71,"KEY, CREDITCARD",19,FALSE,19,0,0,0,TRUE,TRUE,TRUE,FALSE,03/07/2024 00:06
201edb67-d071-4b67-bafd-131e5c273e9f,Metropolitan Ave & Stewart Ave,5273.01,40.71401,-73.92793,71,"KEY, CREDITCARD",20,FALSE,19,1,0,1,TRUE,TRUE,TRUE,FALSE,03/07/2024 00:06
66ddbdb1-0aca-11e7-82f6-3863bb44ef7c,Pier 40 - Hudson River Park,5696.03,40.72771408,-74.01129574,71,"KEY, CREDITCARD",23,FALSE,19,4,0,0,TRUE,TRUE,TRUE,FALSE,03/07/2024 00:07
1822663031356509142,Matthews Ct & Coney Island Ave,3034.02,40.64235,-73.96951,0,"KEY, CREDITCARD",21,FALSE,20,1,0,0,TRUE,TRUE,TRUE,FALSE,03/07/2024 00:06
93da4d1b-d574-45b0-85d7-5b82e2887267,65 St & 2 Ave,3019.02,40.640493,-74.02564,71,"KEY, CREDITCARD",21,FALSE,20,1,0,0,TRUE,TRUE,TRUE,FALSE,03/07/2024 00:05
528ed1e0-75aa-45be-8afe-c3f1c950782f,Grand Ave & 58 Ave,5471.04,40.72098,-73.90701,71,"KEY, CREDITCARD",20,FALSE,20,0,0,0,TRUE,TRUE,TRUE,FALSE,03/07/2024 00:06
1794852638057746848,63 St & Borden Ave,5611.05,40.72655,-73.90321,0,"KEY, CREDITCARD",21,FALSE,20,1,0,0,TRUE,TRUE,TRUE,FALSE,03/07/2024 00:07
765ee572-6c7a-4ed3-a2d4-f1496ea53996,Webster Ave & Ford St,8472.08,40.85556,-73.89615,71,"KEY, CREDITCARD",23,FALSE,20,2,0,0,TRUE,TRUE,TRUE,FALSE,03/07/2024 00:07
1851254468343716806,60 Ave & Otis Ave,5945.01,40.73715,-73.85614,0,"KEY, CREDITCARD",21,FALSE,20,1,0,0,TRUE,TRUE,TRUE,FALSE,03/07/2024 00:06
66dcca0d-0aca-11e7-82f6-3863bb44ef7c,Myrtle Ave & Marcy Ave,4707.03,40.69539817,-73.94954908,71,"KEY, CREDITCARD",23,FALSE,20,3,0,0,TRUE,TRUE,TRUE,FALSE,03/07/2024 00:07
62e2b1dd-ca52-4e1c-a112-1d8846b9d9b5,Greenwood Ave & E 4 St,3353.04,40.650739,-73.977739,71,"KEY, CREDITCARD",21,FALSE,20,1,0,0,TRUE,TRUE,TRUE,FALSE,03/07/2024 00:06
40eaa69a-d3ab-48fc-b395-b5bdc6a1aa85,5 St & 51 Ave,6137.04,40.7423737,-73.9566,71,"KEY, CREDITCARD",21,FALSE,20,1,0,0,TRUE,TRUE,TRUE,FALSE,03/07/2024 00:05
23bc4d9b-1ec2-45fb-9228-e41517346b24,Academy St & Nagle Ave,8579.05,40.862562,-73.922661,71,"KEY, CREDITCARD",20,FALSE,20,0,0,0,TRUE,TRUE,TRUE,FALSE,03/07/2024 00:06
bf093f72-1d8d-44ae-91b5-e36958a27976,Page Pl & Grand Ave,5409.02,40.71798,-73.91818,71,"KEY, CREDITCARD",21,FALSE,20,1,0,0,TRUE,TRUE,TRUE,FALSE,03/07/2024 00:06
b9b58379-b29a-4fa8-ba72-c647728e1686,57 Rd & 58 St,5510.05,40.72235,-73.91215,71,"KEY, CREDITCARD",21,FALSE,20,1,0,0,TRUE,TRUE,TRUE,FALSE,03/07/2024 00:07
06e5447e-35b8-45cb-b3bb-937791a6f8ae,59 St & 59 Rd,5401.03,40.71790853,-73.90845448,71,"KEY, CREDITCARD",21,FALSE,20,1,0,0,TRUE,TRUE,TRUE,FALSE,03/07/2024 00:07
1848241879913802606,56 Ave & Junction Blvd,5995.07,40.73716,-73.86625,0,"KEY, CREDITCARD",22,FALSE,20,2,0,0,TRUE,TRUE,TRUE,FALSE,03/07/2024 00:05
5f798c51-5d8b-4add-9f81-341f54a82ffa,Southwest Park - Jackson St & Observer Hwy,HB401,40.73755127,-74.04166371,311,"KEY, CREDITCARD",20,FALSE,20,0,0,0,TRUE,TRUE,TRUE,FALSE,03/07/2024 00:06
525535e3-dde3-47b4-9c2e-0174eaa4f2bb,61 St & Borden Ave,5611.04,40.72558,-73.90417,0,"KEY, CREDITCARD",21,FALSE,21,0,0,0,TRUE,TRUE,TRUE,FALSE,03/07/2024 00:06
fd0e86e3-079d-40aa-8231-ec2cbdbd9e7f,34 St & 4 Ave,3492.04,40.655278,-74.003101,71,"KEY, CREDITCARD",23,FALSE,21,1,0,0,TRUE,TRUE,TRUE,FALSE,03/07/2024 00:07
1849009244468810224,St James Ave & 51 Ave,6014.01,40.73813,-73.88104,0,"KEY, CREDITCARD",21,FALSE,21,0,0,0,TRUE,TRUE,TRUE,FALSE,03/07/2024 00:06
8d2eff37-be09-4b46-a95d-abff89e16d56,3 Ave & 17 St,3779.02,40.666168,-73.995549,71,"KEY, CREDITCARD",21,FALSE,21,0,0,0,TRUE,TRUE,TRUE,FALSE,03/07/2024 00:06
66de4594-0aca-11e7-82f6-3863bb44ef7c,E 106 St & 1 Ave,7456.03,40.7892529,-73.93956237,71,"KEY, CREDITCARD",26,FALSE,21,2,0,0,TRUE,TRUE,TRUE,FALSE,03/07/2024 00:06
1838999521825487230,Winthrop St & Schenectady Ave,3526.04,40.6582,-73.9338,0,"KEY, CREDITCARD",21,FALSE,21,0,0,0,TRUE,TRUE,TRUE,FALSE,03/07/2024 00:05
66dc0c53-0aca-11e7-82f6-3863bb44ef7c,Carlton Ave & Park Ave,4732.04,40.69580705,-73.97355569,71,"KEY, CREDITCARD",23,FALSE,21,1,0,0,TRUE,TRUE,TRUE,FALSE,03/07/2024 00:07
dfb8b9c8-3006-4b76-963a-95f7471dc0a8,Dahill Rd & 12 Ave,3208.07,40.646037,-73.980963,71,"KEY, CREDITCARD",22,FALSE,21,1,0,0,TRUE,TRUE,TRUE,FALSE,03/07/2024 00:06
66dde76a-0aca-11e7-82f6-3863bb44ef7c,E 98 St & Park Ave,7443.17,40.78813,-73.95206,71,"KEY, CREDITCARD",25,FALSE,22,3,0,0,TRUE,TRUE,TRUE,FALSE,03/07/2024 00:06
1815968422007427668,Schenectady Ave & Cortelyou Rd,3155.01,40.64535,-73.93268,0,"KEY, CREDITCARD",22,FALSE,22,0,0,0,TRUE,TRUE,TRUE,FALSE,03/07/2024 00:06
1815968026870435892,Brooklyn Ave & Snyder Ave,3278.07,40.64915,-73.94368,0,"KEY, CREDITCARD",22,FALSE,22,0,0,0,TRUE,TRUE,TRUE,FALSE,03/07/2024 00:06
1861681435029604706,W 230 St & Marble Hill Ave,8806.01,40.87807,-73.90796,0,"KEY, CREDITCARD",23,FALSE,22,1,0,0,TRUE,TRUE,TRUE,FALSE,03/07/2024 00:07
38975061-0d90-43a3-87c1-8905b374d5d9,Lexington Ave & E 128 St,7716.19,40.806414,-73.936085,71,"KEY, CREDITCARD",24,FALSE,22,2,0,0,TRUE,TRUE,TRUE,FALSE,03/07/2024 00:07
5b0b689f-9bd2-4743-b4cc-d4629a9a709b,52 St & 1 Ave,3253.01,40.649292,-74.020105,71,"KEY, CREDITCARD",22,FALSE,22,0,0,0,TRUE,TRUE,TRUE,FALSE,03/07/2024 00:06
1814907277023901890,Cortelyou Rd & Argyle Rd,2984.04,40.64034,-73.96603,0,"KEY, CREDITCARD",25,FALSE,22,2,0,0,TRUE,TRUE,TRUE,FALSE,03/07/2024 00:07
ebae0b66-e463-4ded-9b7a-43c0aca9b37a,Morris Ave & E 142 St,7821.01,40.814469,-73.924963,71,"KEY, CREDITCARD",23,FALSE,23,0,0,0,TRUE,TRUE,TRUE,FALSE,03/07/2024 00:05
1843486667668726558,Queens Blvd & Broadway,5930.02,40.73672,-73.87728,0,"KEY, CREDITCARD",25,FALSE,23,1,0,0,TRUE,TRUE,TRUE,FALSE,03/07/2024 00:06
66de103b-0aca-11e7-82f6-3863bb44ef7c,Dwight St & Van Dyke St,3981.1,40.67363551,-74.01195556,71,"KEY, CREDITCARD",23,FALSE,23,0,0,0,TRUE,TRUE,TRUE,FALSE,03/07/2024 00:06
5b4a4b20-539b-47c1-9228-1f1f124b3ec9,4 Ave & 26 St,3596.04,40.660079,-73.998633,71,"KEY, CREDITCARD",24,FALSE,23,1,0,0,TRUE,TRUE,TRUE,FALSE,03/07/2024 00:07
d837d1b0-8f80-4f6c-ae45-5dd0deec6977,33 St & 47 Ave,6185.04,40.74283,-73.9321,71,"KEY, CREDITCARD",24,FALSE,24,0,0,0,TRUE,TRUE,TRUE,FALSE,03/07/2024 00:06
bb07a569-cc74-439e-b424-916c0304f136,2 Ave & E 125 St,7648.16,40.802554,-73.933509,71,"KEY, CREDITCARD",30,FALSE,24,5,0,0,TRUE,TRUE,TRUE,FALSE,03/07/2024 00:07
1846086768160082632,99 St & 58 Ave,5987.03,40.73761,-73.85959,0,"KEY, CREDITCARD",25,FALSE,24,1,0,0,TRUE,TRUE,TRUE,FALSE,03/07/2024 00:05
66de677e-0aca-11e7-82f6-3863bb44ef7c,E 106 St & Lexington Ave,7504.18,40.791976,-73.945993,71,"KEY, CREDITCARD",27,FALSE,25,2,0,0,TRUE,TRUE,TRUE,FALSE,03/07/2024 00:06
66de43a5-0aca-11e7-82f6-3863bb44ef7c,E 106 St & Madison Ave,7528.31,40.7934337,-73.94945003,71,"KEY, CREDITCARD",25,FALSE,25,0,0,0,TRUE,TRUE,TRUE,FALSE,03/07/2024 00:07
2ad41c1f-5636-4a63-ad52-761e2613061a,53 St & 4 Ave,3169.07,40.644862,-74.014531,71,"KEY, CREDITCARD",25,FALSE,25,0,0,0,TRUE,TRUE,TRUE,FALSE,03/07/2024 00:06
1862787688044743624,Boston Rd & West Farms Rd,8212.01,40.83998,-73.8806,0,"KEY, CREDITCARD",25,FALSE,25,0,0,0,TRUE,TRUE,TRUE,FALSE,03/07/2024 00:07
1856767555236917834,57 Ave & 98 Pl,6028.01,40.73802,-73.86103,0,"KEY, CREDITCARD",25,FALSE,25,0,0,0,TRUE,TRUE,TRUE,FALSE,03/07/2024 00:06
b471c112-1770-4dfe-9e13-fe7479dcb5a5,Intervale Ave & Westchester Ave,7948.1,40.821967,-73.896752,71,"KEY, CREDITCARD",27,FALSE,26,1,0,0,TRUE,TRUE,TRUE,FALSE,03/07/2024 00:06
66de0861-0aca-11e7-82f6-3863bb44ef7c,E 95 St & 3 Ave,7365.13,40.7849032,-73.950503,71,"KEY, CREDITCARD",31,FALSE,28,1,0,0,TRUE,TRUE,TRUE,FALSE,03/07/2024 00:06
15cb007b-bfca-4ad7-bfc6-44bf3d36785a,Jerome Ave & W 177 St,8362.09,40.850121,-73.910765,71,"KEY, CREDITCARD",29,FALSE,28,1,0,0,TRUE,TRUE,TRUE,FALSE,03/07/2024 00:06
66db69d0-0aca-11e7-82f6-3863bb44ef7c,3 Ave & Schermerhorn St,4437.01,40.68683208,-73.9796772,71,"KEY, CREDITCARD",35,FALSE,28,5,0,1,TRUE,TRUE,TRUE,FALSE,03/07/2024 00:07
66db460d-0aca-11e7-82f6-3863bb44ef7c,Maiden Ln & Pearl St,5065.1,40.70706456,-74.00731853,71,"KEY, CREDITCARD",29,FALSE,28,1,0,0,TRUE,TRUE,TRUE,FALSE,03/07/2024 00:06
46dca5c6-7bd3-4a4f-aa1e-33aa66652294,30 St & 48 Ave,6076.02,40.7413272,-73.937999,71,"KEY, CREDITCARD",29,FALSE,29,0,0,0,TRUE,TRUE,TRUE,FALSE,03/07/2024 00:06
80969478-8dbc-42e1-8e16-ac0132a431c2,E 8 St & Caton Ave,3272.01,40.648055,-73.972432,71,"KEY, CREDITCARD",30,FALSE,30,0,0,0,TRUE,TRUE,TRUE,FALSE,03/07/2024 00:05
9459fca8-b044-4ed1-8f2c-c5db11ba868f,Botanical Sq & Webster Ave,8646.02,40.86814,-73.88145,71,"KEY, CREDITCARD",32,FALSE,31,1,0,0,TRUE,TRUE,TRUE,FALSE,03/07/2024 00:06
5faf99b8-9046-450f-9d2a-d13279b3d016,Hoboken Ave at Monmouth St,JC105,40.73520838,-74.04696375,70,"KEY, CREDITCARD",32,FALSE,31,1,0,0,TRUE,TRUE,TRUE,FALSE,03/07/2024 00:06
1848241425697670086,Queens Blvd & 56 Ave,5887.03,40.73481,-73.87431,0,"KEY, CREDITCARD",38,FALSE,35,3,0,0,TRUE,TRUE,TRUE,FALSE,03/07/2024 00:05
66dd42eb-0aca-11e7-82f6-3863bb44ef7c,1 Ave & E 68 St,6822.09,40.76500525,-73.95818491,71,"KEY, CREDITCARD",62,FALSE,38,7,0,21,TRUE,TRUE,TRUE,FALSE,03/07/2024 00:06
4168e5a4-c7ec-4045-bfc8-84ac5edbe845,E 1 St & Bowery,5636.13,40.72486122,-73.99213135,71,"KEY, CREDITCARD",44,FALSE,42,1,0,0,TRUE,TRUE,TRUE,FALSE,03/07/2024 00:06
9b0c2c99-214f-4e15-b476-1626c03a9e4e,Washington St & Laight St,5509.02,40.72231,-74.0106,71,"KEY, CREDITCARD",43,FALSE,42,1,0,0,TRUE,TRUE,TRUE,FALSE,03/07/2024 00:06
66db6da2-0aca-11e7-82f6-3863bb44ef7c,Broadway & Battery Pl,4962.01,40.70463334,-74.01361706,71,"KEY, CREDITCARD",47,FALSE,44,3,0,0,TRUE,TRUE,TRUE,FALSE,03/07/2024 00:07
1b28836b-29fd-47a7-9a98-44cd792918fb,Driggs Ave & N 9 St,5411.08,40.71816969,-73.95520136,71,"KEY, CREDITCARD",51,FALSE,49,2,0,0,TRUE,TRUE,TRUE,FALSE,03/07/2024 00:07
66db9845-0aca-11e7-82f6-3863bb44ef7c,Sullivan St & Washington Sq,5721.01,40.73047747,-73.99906065,71,"KEY, CREDITCARD",57,FALSE,49,2,0,5,TRUE,TRUE,TRUE,FALSE,03/07/2024 00:05
66db2953-0aca-11e7-82f6-3863bb44ef7c,Park Ave & St Edwards St,4700.06,40.69608941,-73.97803415,71,"KEY, CREDITCARD",53,FALSE,50,3,0,0,TRUE,TRUE,TRUE,FALSE,03/07/2024 00:05
4e862dc1-0652-4f29-a26f-315d763df67d,Washington St & Barrow St,5847.08,40.73191132,-74.00876909,71,"KEY, CREDITCARD",57,FALSE,56,1,0,0,TRUE,TRUE,TRUE,FALSE,03/07/2024 00:06
b6a4770e-9077-4a0e-a0fb-b45b1d457559,Thompson St & Bleecker St,5721.07,40.72840059,-73.99968781,71,"KEY, CREDITCARD",61,FALSE,59,0,0,1,TRUE,TRUE,TRUE,FALSE,03/07/2024 00:06
66ddd369-0aca-11e7-82f6-3863bb44ef7c,Mercer St & Bleecker St,5679.05,40.72706363,-73.99662137,71,"KEY, CREDITCARD",67,FALSE,62,4,0,0,TRUE,TRUE,TRUE,FALSE,03/07/2024 00:06
66dd243c-0aca-11e7-82f6-3863bb44ef7c,48 Ave & 5 St,6212.04,40.74436329,-73.95587325,71,"KEY, CREDITCARD",78,FALSE,77,0,0,0,TRUE,TRUE,TRUE,FALSE,03/07/2024 00:06
66dc8382-0aca-11e7-82f6-3863bb44ef7c,W 34 St & 11 Ave,6578.01,40.75594159,-74.0021163,71,"KEY, CREDITCARD",80,FALSE,79,0,0,0,TRUE,TRUE,TRUE,FALSE,03/07/2024 00:07
26568d39-db49-4354-a5c1-c81a3c856285,Lincoln Ave & E 134 St,7712.06,40.808484,-73.928803,71,"KEY, CREDITCARD",17,FALSE,13,3,1,0,TRUE,TRUE,TRUE,FALSE,03/07/2024 00:07
cb9840a3-4ae2-420d-865c-9ac45e2f5485,St Ann's Ave & Bruckner Blvd,7657.03,40.803399,-73.919763,71,"KEY, CREDITCARD",17,FALSE,14,1,1,0,TRUE,TRUE,TRUE,FALSE,03/07/2024 00:07
29223935-a682-411c-9f25-577bbb9804fc,Knickerbocker Ave & Thames St,5018.06,40.70539,-73.92976,71,"KEY, CREDITCARD",20,FALSE,14,3,1,1,TRUE,TRUE,TRUE,FALSE,03/07/2024 00:05
79c4a612-a5df-4814-9e6b-6305da61ebc4,Inwood Ave & W 170 St,8233.01,40.840536,-73.919228,71,"KEY, CREDITCARD",21,FALSE,14,6,1,0,TRUE,TRUE,TRUE,FALSE,03/07/2024 00:06
d2024260-cc58-451b-9417-3a695f8a1b34,20 Ave & 31 St,7256.01,40.78001337,-73.90667617,71,"KEY, CREDITCARD",21,FALSE,15,5,1,0,TRUE,TRUE,TRUE,FALSE,03/07/2024 00:07
97bcf094-ad77-4743-9c94-832c7300c090,E 128 St & 3 Ave,7696.07,40.805631,-73.934077,71,"KEY, CREDITCARD",19,FALSE,15,3,1,0,TRUE,TRUE,TRUE,FALSE,03/07/2024 00:07
ee1d39c5-47c8-4527-9456-3719c50b7be5,Gerard Ave & E 146 St,7868.05,40.817755,-73.92965,71,"KEY, CREDITCARD",19,FALSE,15,3,1,0,TRUE,TRUE,TRUE,FALSE,03/07/2024 00:05
69717638-5c4a-47a7-bccb-3b42c81eb09f,56 Dr & 61 St,5540.06,40.72368,-73.90458,71,"KEY, CREDITCARD",19,FALSE,16,2,1,0,TRUE,TRUE,TRUE,FALSE,03/07/2024 00:07
6476c5fd-611e-436c-9736-e0f43bb7774e,E 163 St & Tiffany St,7927.08,40.821075,-73.895069,71,"KEY, CREDITCARD",19,FALSE,16,2,1,0,TRUE,TRUE,TRUE,FALSE,03/07/2024 00:06
9b4a92ae-cefe-467a-8e35-5ce02d4f3a45,Louis Nine Blvd & Intervale Ave,8114.02,40.831998,-73.892686,71,"KEY, CREDITCARD",19,FALSE,16,2,1,0,TRUE,TRUE,TRUE,FALSE,03/07/2024 00:07
1828967027013302842,81 St & 24 Ave,6855.02,40.76466,-73.88803,0,"KEY, CREDITCARD",19,FALSE,16,2,1,0,TRUE,TRUE,TRUE,FALSE,03/07/2024 00:06
1e590819-53fd-415c-bc28-aed605ad3bcb,Skillman Ave & 43 Ave,6300.04,40.74653762,-73.9321585,71,"KEY, CREDITCARD",19,FALSE,16,2,1,0,TRUE,TRUE,TRUE,FALSE,03/07/2024 00:07
5cb3a92d-f284-477c-bf63-ea72d24e8a7d,W 225 St & Exterior St,8711.02,40.873265,-73.906646,71,"KEY, CREDITCARD",19,FALSE,16,2,1,0,TRUE,TRUE,TRUE,FALSE,03/07/2024 00:06
1b962833-d769-418e-b1ef-5a183bb5eb1a,Adam Clayton Powell Blvd & W 151 St,8009.05,40.825289,-73.936232,71,"KEY, CREDITCARD",18,FALSE,16,1,1,0,TRUE,TRUE,TRUE,FALSE,03/07/2024 00:06
186092d1-a431-45db-8198-d5ba13334d79,E 165 St & Jerome Ave,8130.02,40.83263,-73.925101,71,"KEY, CREDITCARD",21,FALSE,16,3,1,0,TRUE,TRUE,TRUE,FALSE,03/07/2024 00:05
0efa08a3-1c38-48fe-ab37-8c9b72b20126,30 St & 4 Ave,3564.04,40.657743,-74.001141,71,"KEY, CREDITCARD",19,FALSE,16,2,1,0,TRUE,TRUE,TRUE,FALSE,03/07/2024 00:06
c72970e7-7f1a-4671-bf55-fc34be7c9413,47 Ave & Skillman Ave,6237.01,40.74375241,-73.94176483,71,"KEY, CREDITCARD",19,FALSE,16,2,1,0,TRUE,TRUE,TRUE,FALSE,03/07/2024 00:05
42c3bb6e-0478-4e4a-af10-151f5f4dffb9,55 Dr & Maurice Ave,5579.04,40.7261,-73.90917,71,"KEY, CREDITCARD",19,FALSE,17,0,1,0,TRUE,TRUE,TRUE,FALSE,03/07/2024 00:06
4e747443-d481-4aea-a6d1-cf20204af4ba,E 171 St & Webster Ave,8190.03,40.838379,-73.905838,71,"KEY, CREDITCARD",20,FALSE,17,2,1,0,TRUE,TRUE,TRUE,FALSE,03/07/2024 00:07
aa0e6301-4162-428d-8943-7b684089b0d1,E 157 St & River Ave,8005.03,40.825737,-73.927311,71,"KEY, CREDITCARD",19,FALSE,17,1,1,0,TRUE,TRUE,TRUE,FALSE,03/07/2024 00:07
5600446d-a00a-45e6-9dc3-550adfd63e39,Ogden Ave & W 164 St,8115.01,40.832812,-73.929372,71,"KEY, CREDITCARD",19,FALSE,17,1,1,0,TRUE,TRUE,TRUE,FALSE,03/07/2024 00:05
be435dfd-e859-487c-ae32-3d2b76d49a49,E 156 St & Brook Ave,7896.11,40.819823,-73.912411,71,"KEY, CREDITCARD",19,FALSE,17,1,1,0,TRUE,TRUE,TRUE,FALSE,03/07/2024 00:05
66de482a-0aca-11e7-82f6-3863bb44ef7c,Richards St & Delavan St,4202.04,40.6794327,-74.00785041,71,"KEY, CREDITCARD",19,FALSE,17,1,1,0,TRUE,TRUE,TRUE,FALSE,03/07/2024 00:06
bbb48e80-7d2f-4b3c-bb8c-591bc931945a,Albemarle Rd & McDonald Ave,3166.03,40.645074,-73.979681,71,"KEY, CREDITCARD",20,FALSE,17,1,1,1,TRUE,TRUE,TRUE,FALSE,03/07/2024 00:06
b9d3134b-697f-4a0f-b90f-d95f6c69ffda,Decatur St & Saratoga Ave,4366.1,40.68332,-73.91711,71,"KEY, CREDITCARD",21,FALSE,17,2,1,1,TRUE,TRUE,TRUE,FALSE,03/07/2024 00:05
c04cef84-3fcd-4fd9-9e40-8e07453dbe19,Jerome Ave & E 181 St,8478.11,40.855653,-73.905528,71,"KEY, CREDITCARD",19,FALSE,17,1,1,0,TRUE,TRUE,TRUE,FALSE,03/07/2024 00:07
e71d152c-c2df-4d3e-a9af-139f2529bac6,E 149 St & Eagle Ave,7793.02,40.814046,-73.91186,71,"KEY, CREDITCARD",19,FALSE,17,1,1,0,TRUE,TRUE,TRUE,FALSE,03/07/2024 00:06
f42b3158-3f78-4a62-964a-8cc554d69c35,Maple St & Albany Ave,3608.06,40.66155,-73.93974,71,"KEY, CREDITCARD",19,FALSE,17,0,1,0,TRUE,TRUE,TRUE,FALSE,03/07/2024 00:07
a68acb0c-4244-416a-bf59-ca55d3120cdd,56 St & Arnold Ave,5289.05,40.71484,-73.909,71,"KEY, CREDITCARD",21,FALSE,17,2,1,0,TRUE,TRUE,TRUE,FALSE,03/07/2024 00:07
57323c8c-6d00-4e09-b188-dc036388753f,2 Ave & 44 St,3356.07,40.65230357,-74.01344955,71,"KEY, CREDITCARD",19,FALSE,17,1,1,0,TRUE,TRUE,TRUE,FALSE,03/07/2024 00:07
6542d952-ca19-410e-9290-ee6b7a6e14cf,Decatur Ave & Bedford Park Blvd,8664.06,40.86813,-73.88412,71,"KEY, CREDITCARD",20,FALSE,18,1,1,0,TRUE,TRUE,TRUE,FALSE,03/07/2024 00:07
7a6fc75f-a605-4dd6-b567-b2bbbfb862f3,65 Pl & 53 Ave,5764.02,40.73145,-73.90022,0,"KEY, CREDITCARD",19,FALSE,18,0,1,0,TRUE,TRUE,TRUE,FALSE,03/07/2024 00:07
1817432954560889524,Cortelyou Rd & Albany Ave,3121.01,40.64483,-73.93853,0,"KEY, CREDITCARD",21,FALSE,18,2,1,0,TRUE,TRUE,TRUE,FALSE,03/07/2024 00:06
1828967346753327602,30 Ave & 80 St,6787.02,40.76109,-73.88838,0,"KEY, CREDITCARD",19,FALSE,18,0,1,0,TRUE,TRUE,TRUE,FALSE,03/07/2024 00:05
1786699974232881542,Greenpoint Ave & Monitor St,5851.01,40.73224,-73.94383,0,"KEY, CREDITCARD",20,FALSE,18,1,1,0,TRUE,TRUE,TRUE,FALSE,03/07/2024 00:06
2b848257-dc2e-4dd0-b840-d5e046972789,W Tremont Ave & Matthewson Rd,8428.04,40.853827,-73.920765,71,"KEY, CREDITCARD",19,FALSE,18,0,1,0,TRUE,TRUE,TRUE,FALSE,03/07/2024 00:05
a04bf523-3c76-4fad-88bf-e99037f9b796,23 Ave & 27 St,7178.02,40.776165,-73.9153175,71,"KEY, CREDITCARD",21,FALSE,18,2,1,0,TRUE,TRUE,TRUE,FALSE,03/07/2024 00:06
0e82ab9f-8c93-4302-b9df-342f8135a05c,W 204 St & Nagle Ave,8579.03,40.863211,-73.920827,71,"KEY, CREDITCARD",20,FALSE,18,1,1,0,TRUE,TRUE,TRUE,FALSE,03/07/2024 00:06
09b00240-4c2a-4900-9d09-f13344461c02,31 Pl & Hunters Point Ave,6033.01,40.74021357,-73.93537045,71,"KEY, CREDITCARD",19,FALSE,18,0,1,0,TRUE,TRUE,TRUE,FALSE,03/07/2024 00:06
44a43ebf-cacf-4251-9ceb-e1c331ef1673,62 St & 4 Ave,2923.01,40.639859,-74.019776,71,"KEY, CREDITCARD",19,FALSE,18,0,1,0,TRUE,TRUE,TRUE,FALSE,03/07/2024 00:06
1828968883163894358,24 Ave & 87 St,6885.01,40.7654,-73.88256,0,"KEY, CREDITCARD",20,FALSE,19,0,1,0,TRUE,TRUE,TRUE,FALSE,03/07/2024 00:05
20ff5447-eac3-43b7-820f-f6fa3a2e12a8,Pleasant Ave & E 120 St,7579.01,40.7974772,-73.9311847,71,"KEY, CREDITCARD",21,FALSE,19,0,1,0,TRUE,TRUE,TRUE,FALSE,03/07/2024 00:06
cd2d9dab-7708-4685-a56f-9412c738de7e,Rutland Rd & E 45 St,3567.05,40.66034,-73.93618,71,"KEY, CREDITCARD",23,FALSE,19,3,1,0,TRUE,TRUE,TRUE,FALSE,03/07/2024 00:06
1835246815877178358,30 Ave & 96 St,6772.11,40.76086,-73.87308,0,"KEY, CREDITCARD",21,FALSE,19,1,1,0,TRUE,TRUE,TRUE,FALSE,03/07/2024 00:05
1882736039096477712,44 Dr & 21 St,6319.03,40.748036,-73.946705,0,"KEY, CREDITCARD",21,FALSE,19,1,1,0,TRUE,TRUE,TRUE,FALSE,03/07/2024 00:06
1843486757863039016,55 Ave & 90 St,6005.04,40.73676,-73.87318,0,"KEY, CREDITCARD",21,FALSE,19,0,1,0,TRUE,TRUE,TRUE,FALSE,03/07/2024 00:07
1817803079955479336,Parkside Ave & Parade Pl,3376.04,40.6532,-73.96639,0,"KEY, CREDITCARD",22,FALSE,19,1,1,0,TRUE,TRUE,TRUE,FALSE,03/07/2024 00:06
16e70b05-5b73-4930-9dcf-f79e5ce9eaf5,44 St & 3 Ave,3315.05,40.651173,-74.011405,71,"KEY, CREDITCARD",23,FALSE,20,1,1,0,TRUE,TRUE,TRUE,FALSE,03/07/2024 00:05
1862008939006380034,E 189 St & Bathgate Ave,8505.08,40.85859,-73.88821,0,"KEY, CREDITCARD",21,FALSE,20,0,1,0,TRUE,TRUE,TRUE,FALSE,03/07/2024 00:07
1815968237323833702,Brooklyn Ave & Beverley Rd,3164.04,40.64575,-73.94331,0,"KEY, CREDITCARD",21,FALSE,20,0,1,0,TRUE,TRUE,TRUE,FALSE,03/07/2024 00:07
1862008701134683118,Arthur Ave & E 183 St,8430.03,40.85307,-73.88953,0,"KEY, CREDITCARD",25,FALSE,20,4,1,0,TRUE,TRUE,TRUE,FALSE,03/07/2024 00:07
1817432233006383832,Rugby Rd & Beverley Rd,3113.06,40.64435,-73.96591,0,"KEY, CREDITCARD",25,FALSE,20,3,1,1,TRUE,TRUE,TRUE,FALSE,03/07/2024 00:06
1860187181307969634,Park Ave & E Tremont Ave,8335.02,40.84731,-73.89981,0,"KEY, CREDITCARD",24,FALSE,20,3,1,0,TRUE,TRUE,TRUE,FALSE,03/07/2024 00:07
d5788cfa-817e-4b65-b43f-edda222a3c3c,35 St & 34 Ave,6679.11,40.7580583,-73.9242751,71,"KEY, CREDITCARD",25,FALSE,20,4,1,0,TRUE,TRUE,TRUE,FALSE,03/07/2024 00:06
f6cf3ecc-b3ad-4291-8c24-277f28f64ba1,Wyckoff Ave & Stanhope St,4931.05,40.703545,-73.917775,71,"KEY, CREDITCARD",22,FALSE,20,1,1,0,TRUE,TRUE,TRUE,FALSE,03/07/2024 00:06
1814906692908349788,E 17 St & Beverley Rd,3148.08,40.64466,-73.96322,0,"KEY, CREDITCARD",23,FALSE,21,1,1,0,TRUE,TRUE,TRUE,FALSE,03/07/2024 00:06
66de59bd-0aca-11e7-82f6-3863bb44ef7c,Wyckoff St & 3 Ave,4290.06,40.6827549,-73.98258555,71,"KEY, CREDITCARD",22,FALSE,21,0,1,0,TRUE,TRUE,TRUE,FALSE,03/07/2024 00:07
1885718199416500650,Crescent Ave & Belmont Ave,8447.07,40.85391,-73.8866,0,"KEY, CREDITCARD",24,FALSE,21,2,1,0,TRUE,TRUE,TRUE,FALSE,03/07/2024 00:06
faf021ad-9de5-44bd-b7f5-48127e8d5fea,Metropolitan Ave & Vandervoort Ave,5241.02,40.71429,-73.93323,71,"KEY, CREDITCARD",24,FALSE,21,2,1,0,TRUE,TRUE,TRUE,FALSE,03/07/2024 00:06
66de1295-0aca-11e7-82f6-3863bb44ef7c,Pioneer St & Richards St,4128.08,40.6777748,-74.0094613,71,"KEY, CREDITCARD",23,FALSE,21,1,1,0,TRUE,TRUE,TRUE,FALSE,03/07/2024 00:06
f391a394-67f2-4dad-873c-c934a2d2a362,Midwood St & Utica Ave,3599.01,40.66124,-73.93164,71,"KEY, CREDITCARD",22,FALSE,21,0,1,0,TRUE,TRUE,TRUE,FALSE,03/07/2024 00:06
1814907423052790164,E 16 St & Cortelyou Rd,3070.04,40.64173,-73.96364,0,"KEY, CREDITCARD",26,FALSE,22,2,1,1,TRUE,TRUE,TRUE,FALSE,03/07/2024 00:06
1877920686883352866,60 Ave & Junction Blvd,5878.02,40.73466,-73.86501,0,"KEY, CREDITCARD",24,FALSE,22,1,1,0,TRUE,TRUE,TRUE,FALSE,03/07/2024 00:07
be324766-f32d-471e-99fd-b369974f4b29,St Marks Pl & 4 Ave,4249.1,40.68177811,-73.97988975,71,"KEY, CREDITCARD",27,FALSE,22,4,1,0,TRUE,TRUE,TRUE,FALSE,03/07/2024 00:06
1dba415a-2c46-419e-838d-7e068b8d7d6f,47 St & 3 Ave,3243.02,40.649143,-74.012384,71,"KEY, CREDITCARD",23,FALSE,22,0,1,0,TRUE,TRUE,TRUE,FALSE,03/07/2024 00:06
0e3dedfb-df10-4900-a67b-95349a81bc5c,N 11 St & Kent Ave,5489.04,40.72248189,-73.95921931,71,"KEY, CREDITCARD",27,FALSE,22,4,1,0,TRUE,TRUE,TRUE,FALSE,03/07/2024 00:05
1846086362824884662,56 Ave & 92 St,5962.04,40.73649,-73.86995,0,"KEY, CREDITCARD",25,FALSE,23,1,1,0,TRUE,TRUE,TRUE,FALSE,03/07/2024 00:06
1846085533896197012,51 Ave & Van Loon St,6047.03,40.73832,-73.87913,0,"KEY, CREDITCARD",24,FALSE,23,0,1,0,TRUE,TRUE,TRUE,FALSE,03/07/2024 00:07
16a4effc-282e-4053-b47b-31f734d50c08,E 123 St & Lexington Ave,7636.05,40.8029263,-73.9379,71,"KEY, CREDITCARD",27,FALSE,23,3,1,0,TRUE,TRUE,TRUE,FALSE,03/07/2024 00:07
1860188069348460678,Boston Rd & E 178 St,8248.05,40.84096,-73.87923,0,"KEY, CREDITCARD",25,FALSE,24,0,1,0,TRUE,TRUE,TRUE,FALSE,03/07/2024 00:05
ebfafca3-5818-4e6f-8374-98f44a0ca0c6,3 Ave & Wakeman Pl,2883.03,40.638246,-74.024714,71,"KEY, CREDITCARD",27,FALSE,25,0,1,0,TRUE,TRUE,TRUE,FALSE,03/07/2024 00:07
d47c856e-8cda-4da0-b8eb-1ccf0e6ef7ab,Brooklyn Bridge Park - Pier 2,4756.04,40.698458,-73.997178,71,"KEY, CREDITCARD",31,FALSE,26,1,1,0,TRUE,TRUE,TRUE,FALSE,03/07/2024 00:06
6969d756-33a6-4a0b-83d0-3db38bc382d1,53 St & 2 Ave,3211.06,40.64744,-74.018846,71,"KEY, CREDITCARD",30,FALSE,27,1,1,0,TRUE,TRUE,TRUE,FALSE,03/07/2024 00:07
8ec47777-852d-4059-a5ea-12eef71a9606,Water St & Gouverneur Ln,4993.15,40.70469668,-74.00803417,71,"KEY, CREDITCARD",37,FALSE,28,8,1,0,TRUE,TRUE,TRUE,FALSE,03/07/2024 00:07
66ddebce-0aca-11e7-82f6-3863bb44ef7c,E 97 St & 3 Ave,7365.08,40.7859201,-73.94860294,71,"KEY, CREDITCARD",30,FALSE,28,1,1,0,TRUE,TRUE,TRUE,FALSE,03/07/2024 00:06
66db2afe-0aca-11e7-82f6-3863bb44ef7c,MacDougal St & Prince St,5687.04,40.72710258,-74.00297088,71,"KEY, CREDITCARD",32,FALSE,30,1,1,0,TRUE,TRUE,TRUE,FALSE,03/07/2024 00:06
1851955603137491568,N Portland Ave & Flushing Ave,4771.07,40.697926,-73.97663,0,"KEY, CREDITCARD",33,FALSE,30,2,1,0,TRUE,TRUE,TRUE,FALSE,03/07/2024 00:06
66de2a00-0aca-11e7-82f6-3863bb44ef7c,E 103 St & Lexington Ave,7463.09,40.7903051,-73.94755757,71,"KEY, CREDITCARD",35,FALSE,31,3,1,0,TRUE,TRUE,TRUE,FALSE,03/07/2024 00:06
7a771842-c090-4da1-8c13-72b7f4f50a87,Leonard St & Nassau Ave,5550.09,40.72395678,-73.94984365,71,"KEY, CREDITCARD",36,FALSE,33,2,1,0,TRUE,TRUE,TRUE,FALSE,03/07/2024 00:06
7f8cb36a-2bf4-4d57-afbd-331310f25355,Amsterdam Ave & W 125 St,7800.03,40.813358,-73.956461,71,"KEY, CREDITCARD",39,FALSE,34,2,1,0,TRUE,TRUE,TRUE,FALSE,03/07/2024 00:07
61647ec6-dfd6-4d1c-8800-d488d390c627,King St & Varick St,5687.11,40.72789701,-74.00536269,71,"KEY, CREDITCARD",36,FALSE,34,1,1,0,TRUE,TRUE,TRUE,FALSE,03/07/2024 00:07
66de0cab-0aca-11e7-82f6-3863bb44ef7c,Columbia St & Lorraine St,4013.08,40.6747055,-74.0075572,71,"KEY, CREDITCARD",37,FALSE,35,0,1,1,TRUE,TRUE,TRUE,FALSE,03/07/2024 00:07
19d17911-1e4a-41fa-b62b-719aa0a6182e,6 Ave & Walker St,5430.1,40.71979209,-74.00522389,71,"KEY, CREDITCARD",39,FALSE,36,2,1,0,TRUE,TRUE,TRUE,FALSE,03/07/2024 00:05
66de0dfd-0aca-11e7-82f6-3863bb44ef7c,E 97 St & Madison Ave,7393.09,40.787801,-73.953559,71,"KEY, CREDITCARD",41,FALSE,36,2,1,0,TRUE,TRUE,TRUE,FALSE,03/07/2024 00:07
66db75cc-0aca-11e7-82f6-3863bb44ef7c,South St & Gouverneur Ln,4953.04,40.70355377,-74.00670227,71,"KEY, CREDITCARD",43,FALSE,41,1,1,0,TRUE,TRUE,TRUE,FALSE,03/07/2024 00:05
66dc91b5-0aca-11e7-82f6-3863bb44ef7c,Grand St & Greene St,5500.02,40.72170005,-74.00238141,71,"KEY, CREDITCARD",45,FALSE,42,2,1,0,TRUE,TRUE,TRUE,FALSE,03/07/2024 00:06
1794096824496960148,South End Ave & Albany St,5114.08,40.709957,-74.016538,0,"KEY, CREDITCARD",45,FALSE,42,2,1,0,TRUE,TRUE,TRUE,FALSE,03/07/2024 00:06
66db79a3-0aca-11e7-82f6-3863bb44ef7c,Fulton St & Broadway,5175.08,40.711066,-74.009447,71,"KEY, CREDITCARD",49,FALSE,45,2,1,1,TRUE,TRUE,TRUE,FALSE,03/07/2024 00:07
1786698158713921798,S 2 St & Kent Ave,5276.04,40.714731,-73.966612,0,"KEY, CREDITCARD",47,FALSE,45,1,1,0,TRUE,TRUE,TRUE,FALSE,03/07/2024 00:07
66dbf215-0aca-11e7-82f6-3863bb44ef7c,Washington St & Gansevoort St,6039.06,40.739323,-74.008119,71,"KEY, CREDITCARD",51,FALSE,46,3,1,1,TRUE,TRUE,TRUE,FALSE,03/07/2024 00:06
af72781c-fe0b-4b73-a7df-201f9780ea9c,W Broadway & W Houston St,5644.05,40.726378,-74.000472,71,"KEY, CREDITCARD",50,FALSE,47,2,1,0,TRUE,TRUE,TRUE,FALSE,03/07/2024 00:07
18fcd2c1-dc8b-4a52-9f18-e9b9003bbea5,Park Pl & Church St,5288.08,40.71334184,-74.00935516,71,"KEY, CREDITCARD",54,FALSE,48,4,1,1,TRUE,TRUE,TRUE,FALSE,03/07/2024 00:06
412c1416-d15b-4e6a-9691-da4c3cc0d0d2,Bleecker St & Crosby St,5679.08,40.72615605,-73.9951019,71,"KEY, CREDITCARD",63,FALSE,55,7,1,0,TRUE,TRUE,TRUE,FALSE,03/07/2024 00:06
66dc0f1b-0aca-11e7-82f6-3863bb44ef7c,Bus Slip & State St,4889.06,40.701907,-74.013942,71,"KEY, CREDITCARD",69,FALSE,65,3,1,0,TRUE,TRUE,TRUE,FALSE,03/07/2024 00:07
1860189650739626488,E 188 St & Hughes Ave,8485.01,40.8561,-73.88625,0,"KEY, CREDITCARD",21,FALSE,11,8,2,0,TRUE,TRUE,TRUE,FALSE,03/07/2024 00:06
66ddded0-0aca-11e7-82f6-3863bb44ef7c,Astor Place,JC077,40.7192822,-74.07126188,70,"KEY, CREDITCARD",14,FALSE,12,0,2,0,TRUE,TRUE,TRUE,FALSE,03/07/2024 00:07
d7a7789b-a052-4a69-a4ec-59436b0f8d75,West Farms Rd & Boone Ave,8076.08,40.83012839,-73.88630211,71,"KEY, CREDITCARD",20,FALSE,13,5,2,0,TRUE,TRUE,TRUE,FALSE,03/07/2024 00:06
a8560d28-9ee1-4af4-9180-7e9c4dd0d147,E 153 St & E 157 St,8025.01,40.826677,-73.929327,71,"KEY, CREDITCARD",19,FALSE,14,3,2,0,TRUE,TRUE,TRUE,FALSE,03/07/2024 00:07
ab29ce96-c2e8-4929-b27b-e0fe4aae17d5,Webster Ave & E 166 St,8052.01,40.828975,-73.911259,71,"KEY, CREDITCARD",19,FALSE,14,3,2,0,TRUE,TRUE,TRUE,FALSE,03/07/2024 00:07
1856767203049599002,51 Ave & Alstyne Ave,6180.05,40.74311,-73.85715,0,"KEY, CREDITCARD",21,FALSE,14,5,2,0,TRUE,TRUE,TRUE,FALSE,03/07/2024 00:07
1849009654626746672,55 Ave & 97 Pl,6070.05,40.73892,-73.86367,0,"KEY, CREDITCARD",19,FALSE,15,2,2,0,TRUE,TRUE,TRUE,FALSE,03/07/2024 00:07
99614ecb-2329-49fa-a13a-fa1ef2bb32d6,Clay Ave & Claremont Pkwy,8225.05,40.83999,-73.90549,71,"KEY, CREDITCARD",21,FALSE,15,2,2,0,TRUE,TRUE,TRUE,FALSE,03/07/2024 00:06
adb67652-c20d-4dd2-8e89-d6015b801c1a,Freeman St & Reverend James A Polite Ave,8080.01,40.830529,-73.894717,71,"KEY, CREDITCARD",19,FALSE,15,2,2,0,TRUE,TRUE,TRUE,FALSE,03/07/2024 00:07
66dd5e69-0aca-11e7-82f6-3863bb44ef7c,Union St,JC051,40.7182113,-74.0836394,70,"KEY, CREDITCARD",18,FALSE,15,1,2,0,TRUE,TRUE,TRUE,FALSE,03/07/2024 00:06
66dd1f44-0aca-11e7-82f6-3863bb44ef7c,Greenpoint Ave & Manhattan Ave,5785.05,40.73026,-73.95394,71,"KEY, CREDITCARD",27,FALSE,16,5,2,1,TRUE,TRUE,TRUE,FALSE,03/07/2024 00:07
a2ef8ed2-6031-4049-b7dc-9838ef39889b,Dawson St & Intervale Ave,7888.1,40.819999,-73.897263,71,"KEY, CREDITCARD",19,FALSE,16,1,2,0,TRUE,TRUE,TRUE,FALSE,03/07/2024 00:06
bbc3c1df-f7db-4f54-8d5c-b8f4269ecb48,64 St & 53 Dr,5688.02,40.72897,-73.90115,71,"KEY, CREDITCARD",19,FALSE,16,1,2,0,TRUE,TRUE,TRUE,FALSE,03/07/2024 00:06
1bb1af93-b433-4da7-8054-009c85f7755a,Jerome Ave & Anderson Ave,8061.01,40.830179,-73.928747,71,"KEY, CREDITCARD",19,FALSE,16,1,2,0,TRUE,TRUE,TRUE,FALSE,03/07/2024 00:06
023cf549-bd85-4f9a-abd8-70ba29d7e86b,W Tremont Ave & Montgomery Ave,8407.03,40.851788,-73.916418,71,"KEY, CREDITCARD",21,FALSE,16,1,2,0,TRUE,TRUE,TRUE,FALSE,03/07/2024 00:06
1911424232096693138,Woodward Ave & Starr St,5225.09,40.71147,-73.91694,0,"KEY, CREDITCARD",19,FALSE,16,0,2,0,TRUE,TRUE,TRUE,FALSE,03/07/2024 00:06
002e6e9f-ced2-47b0-bc7e-ccf38c3b4b0f,Prospect Ave & E 151 St,7830.03,40.814232,-73.903927,71,"KEY, CREDITCARD",21,FALSE,16,3,2,0,TRUE,TRUE,TRUE,FALSE,03/07/2024 00:05
1828966363527611286,32 Ave & 75 St,6645.06,40.75704,-73.8924,0,"KEY, CREDITCARD",19,FALSE,16,1,2,0,TRUE,TRUE,TRUE,FALSE,03/07/2024 00:05
66ddeca9-0aca-11e7-82f6-3863bb44ef7c,Columbia St & Kane St,4422.05,40.68763155,-74.0016256,71,"KEY, CREDITCARD",20,FALSE,16,0,2,2,TRUE,TRUE,TRUE,FALSE,03/07/2024 00:07
9505c2b7-0c3a-4791-8471-d2092a86291f,Front St & Jay St,4895.03,40.702461,-73.986842,71,"KEY, CREDITCARD",24,FALSE,16,4,2,2,TRUE,TRUE,TRUE,FALSE,03/07/2024 00:07
66dd650d-0aca-11e7-82f6-3863bb44ef7c,Dey St,JC065,40.737711,-74.066921,70,"KEY, CREDITCARD",18,FALSE,16,0,2,0,TRUE,TRUE,TRUE,FALSE,03/07/2024 00:05
5aa81a37-ea1d-4bf6-ab40-4751c6b4fb08,Fairmount Ave,JC093,40.72572614,-74.07195926,70,"KEY, CREDITCARD",18,FALSE,16,0,2,0,TRUE,TRUE,TRUE,FALSE,03/07/2024 00:05
3a89411a-0bc6-4ba3-bc56-fab950c8eba1,Central Ave & Flushing Ave,4947.04,40.702831,-73.9333,71,"KEY, CREDITCARD",21,FALSE,17,2,2,0,TRUE,TRUE,TRUE,FALSE,03/07/2024 00:05
3f05490b-a3d8-4d15-bd25-0212555b5dff,Fort Hamilton Pkwy & E 5 St,3240.15,40.649037,-73.97673,71,"KEY, CREDITCARD",23,FALSE,17,2,2,1,TRUE,TRUE,TRUE,FALSE,03/07/2024 00:06
1854538793462575652,103 St & Martense Ave,6062.03,40.74046,-73.8565,0,"KEY, CREDITCARD",19,FALSE,17,0,2,0,TRUE,TRUE,TRUE,FALSE,03/07/2024 00:05
1860188907884823208,E 180 St & Monterey Ave,8392.02,40.85025,-73.89301,0,"KEY, CREDITCARD",21,FALSE,17,2,2,0,TRUE,TRUE,TRUE,FALSE,03/07/2024 00:07
787fe4b2-6029-4f71-917e-892479d8d64e,61 St & Laurel Hill Blvd,5998.09,40.7388,-73.90338,71,"KEY, CREDITCARD",19,FALSE,17,0,2,0,TRUE,TRUE,TRUE,FALSE,03/07/2024 00:05
a4bb6fac-b795-4aa7-a266-613419019290,Gerard Ave & E 164 St,8077.07,40.830262,-73.923391,71,"KEY, CREDITCARD",19,FALSE,17,0,2,0,TRUE,TRUE,TRUE,FALSE,03/07/2024 00:06
1861683496445528180,Bailey Ave & W 238 St,8862.02,40.88417,-73.89793,0,"KEY, CREDITCARD",19,FALSE,17,0,2,0,TRUE,TRUE,TRUE,FALSE,03/07/2024 00:05
d319629d-63cf-4765-9f69-5569f35d6469,60 Pl & Flushing Ave,5431.01,40.71988,-73.90556,0,"KEY, CREDITCARD",19,FALSE,17,0,2,0,TRUE,TRUE,TRUE,FALSE,03/07/2024 00:05
b3a9057e-7ff6-4117-b96e-e71c173cf1e9,Brook Ave & E 148 St,7816.14,40.814383,-73.915368,71,"KEY, CREDITCARD",20,FALSE,17,1,2,0,TRUE,TRUE,TRUE,FALSE,03/07/2024 00:05
5fdf435f-6080-4b1d-966c-3b9d08450c4d,Willis Ave & E 141 St,7759.08,40.81093,-73.921606,71,"KEY, CREDITCARD",19,FALSE,17,0,2,0,TRUE,TRUE,TRUE,FALSE,03/07/2024 00:07
ce700c09-6095-4b20-ab65-07defdd1a7d7,31 Ave & 61 St,6654.05,40.757525,-73.901614,71,"KEY, CREDITCARD",21,FALSE,17,2,2,0,TRUE,TRUE,TRUE,FALSE,03/07/2024 00:07
1879828885264130640,Pitkin Ave & Grafton St,3877.04,40.66852,-73.91908,0,"KEY, CREDITCARD",21,FALSE,17,2,2,0,TRUE,TRUE,TRUE,FALSE,03/07/2024 00:07
537a2f47-26a3-4776-ba9d-e2acd2ffbee1,City Hall - Washington St & 1 St,HB105,40.73736,-74.03097,311,"KEY, CREDITCARD",22,FALSE,17,3,2,0,TRUE,TRUE,TRUE,FALSE,03/07/2024 00:06
a45a712c-1e3d-4fee-bef8-adafafd80670,62 St & 43 Ave,6191.04,40.74261,-73.903,71,"KEY, CREDITCARD",20,FALSE,18,0,2,0,TRUE,TRUE,TRUE,FALSE,03/07/2024 00:07
1814907590556515014,Cortelyou Rd & E 19 St,3022.01,40.64269,-73.96099,0,"KEY, CREDITCARD",23,FALSE,18,2,2,1,TRUE,TRUE,TRUE,FALSE,03/07/2024 00:07
2546c9b9-5b1a-4e9f-a9cc-f8b986b79748,Broadway & W 192 St,8511.08,40.857994,-73.932173,71,"KEY, CREDITCARD",23,FALSE,18,3,2,0,TRUE,TRUE,TRUE,FALSE,03/07/2024 00:06
cac843c2-8b21-47bb-a3b9-712f95d7f7aa,Harrison Pl & Porter Ave,5090.06,40.70686,-73.92851,71,"KEY, CREDITCARD",20,FALSE,18,0,2,0,TRUE,TRUE,TRUE,FALSE,03/07/2024 00:06
7a725e59-49be-4c1d-9c3d-3b3a8ed1232f,50 St & 30 Ave,6735.03,40.760083,-73.907107,71,"KEY, CREDITCARD",23,FALSE,18,3,2,0,TRUE,TRUE,TRUE,FALSE,03/07/2024 00:06
1796642668661690940,Caton Ave & Argyle Rd,3303.03,40.649681,-73.967829,0,"KEY, CREDITCARD",21,FALSE,18,0,2,0,TRUE,TRUE,TRUE,FALSE,03/07/2024 00:07
1835249197527877718,100 St & 37 Ave,6499.06,40.75243,-73.86717,0,"KEY, CREDITCARD",20,FALSE,18,0,2,0,TRUE,TRUE,TRUE,FALSE,03/07/2024 00:06
c4d6b123-df5a-446d-b0ae-d3c4846565d5,E 170 St & Webster Ave,8156.03,40.83617914,-73.90730146,71,"KEY, CREDITCARD",25,FALSE,19,4,2,0,TRUE,TRUE,TRUE,FALSE,03/07/2024 00:06
1846086665080867236,100 St & Lewis Ave,6105.02,40.73988,-73.86012,0,"KEY, CREDITCARD",21,FALSE,19,0,2,0,TRUE,TRUE,TRUE,FALSE,03/07/2024 00:07
9ea2afff-a146-4824-89b6-39d5bdfac795,Grand Ave & Remsen Pl,5570.04,40.72353,-73.89967,71,"KEY, CREDITCARD",21,FALSE,19,0,2,0,TRUE,TRUE,TRUE,FALSE,03/07/2024 00:07
1817433126359581672,Beverley Rd & E 49 St,3187.01,40.64621,-73.93067,0,"KEY, CREDITCARD",22,FALSE,19,1,2,0,TRUE,TRUE,TRUE,FALSE,03/07/2024 00:07
1846085836152179090,Corona Ave & 92 St,6155.03,40.7424,-73.87251,0,"KEY, CREDITCARD",21,FALSE,19,0,2,0,TRUE,TRUE,TRUE,FALSE,03/07/2024 00:06
1846086562569586930,Corona Ave & 102 St,6222.04,40.74419,-73.8619,0,"KEY, CREDITCARD",21,FALSE,19,0,2,0,TRUE,TRUE,TRUE,FALSE,03/07/2024 00:06
66dd5960-0aca-11e7-82f6-3863bb44ef7c,City Hall,JC003,40.7177325,-74.043845,70,"KEY, CREDITCARD",22,FALSE,19,1,2,0,TRUE,TRUE,TRUE,FALSE,03/07/2024 00:06
ded4386f-9f69-43c6-a566-4511920c3e39,Mama Johnson Field - 4 St & Jackson St,HB404,40.74313994,-74.04004097,311,"KEY, CREDITCARD",22,FALSE,19,1,2,0,TRUE,TRUE,TRUE,FALSE,03/07/2024 00:07
c606bae0-889c-47c3-8202-9463ef147655,Lefferts Ave & Albany Ave,3719.02,40.66288,-73.94019,0,"KEY, CREDITCARD",24,FALSE,20,2,2,0,TRUE,TRUE,TRUE,FALSE,03/07/2024 00:07
66dba303-0aca-11e7-82f6-3863bb44ef7c,Clinton Ave & Flushing Ave,4762.04,40.69794,-73.96986848,71,"KEY, CREDITCARD",23,FALSE,20,1,2,0,TRUE,TRUE,TRUE,FALSE,03/07/2024 00:06
61be9a4a-737c-413a-9b72-d47b28a366d5,38 St & Northern Blvd,6486.07,40.752372,-73.925384,71,"KEY, CREDITCARD",23,FALSE,20,1,2,0,TRUE,TRUE,TRUE,FALSE,03/07/2024 00:07
ca7ec509-cefc-4ac6-b729-08999d191051,Hazen St & 20 Ave,7032.06,40.772092,-73.895166,71,"KEY, CREDITCARD",23,FALSE,21,0,2,0,TRUE,TRUE,TRUE,FALSE,03/07/2024 00:06
1815967159287043052,E 21 St & Church Ave,3294.03,40.65007,-73.96001,0,"KEY, CREDITCARD",25,FALSE,21,2,2,0,TRUE,TRUE,TRUE,FALSE,03/07/2024 00:07
7c42f9fc-d280-4841-ad96-e3cc53ee3759,Willis Ave & E 143 St,7798.02,40.812299,-73.92037,71,"KEY, CREDITCARD",23,FALSE,21,0,2,0,TRUE,TRUE,TRUE,FALSE,03/07/2024 00:06
11a8d465-b4eb-466b-a6ca-055f73994231,Lincoln Ave & E 138 St,7744.06,40.810893,-73.927311,71,"KEY, CREDITCARD",26,FALSE,21,2,2,0,TRUE,TRUE,TRUE,FALSE,03/07/2024 00:07
66de0933-0aca-11e7-82f6-3863bb44ef7c,3 Ave & E 100 St,7414.17,40.7877214,-73.94728331,71,"KEY, CREDITCARD",27,FALSE,22,2,2,0,TRUE,TRUE,TRUE,FALSE,03/07/2024 00:06
1831178352265562334,Ocean Ave & Crooke Ave,3408.05,40.65326,-73.96172,0,"KEY, CREDITCARD",27,FALSE,23,2,2,0,TRUE,TRUE,TRUE,FALSE,03/07/2024 00:06
1880644160834607498,49 Ave & 27 St,6119.01,40.74113,-73.942518,0,"KEY, CREDITCARD",25,FALSE,23,0,2,0,TRUE,TRUE,TRUE,FALSE,03/07/2024 00:06
c0ce2a38-04f5-4333-8818-2a3faa84f214,Prospect Park SW & Greenwood Ave,3385.06,40.652563,-73.972573,71,"KEY, CREDITCARD",30,FALSE,23,5,2,0,TRUE,TRUE,TRUE,FALSE,03/07/2024 00:07
66db9675-0aca-11e7-82f6-3863bb44ef7c,Washington Pl & Broadway,5755.01,40.72903917,-73.99404649,71,"KEY, CREDITCARD",27,FALSE,23,2,2,0,TRUE,TRUE,TRUE,FALSE,03/07/2024 00:06
66de1f7f-0aca-11e7-82f6-3863bb44ef7c,E 102 St & Park Ave,7488.24,40.7904828,-73.95033068,71,"KEY, CREDITCARD",33,FALSE,25,6,2,0,TRUE,TRUE,TRUE,FALSE,03/07/2024 00:07
1882735457106787122,11 St & 44 Rd,6319.04,40.749207,-73.949373,0,"KEY, CREDITCARD",27,FALSE,25,0,2,0,TRUE,TRUE,TRUE,FALSE,03/07/2024 00:06
160e21da-6dd2-47ff-8385-e13c8cdce4fa,57 St & 1 Ave,3178.02,40.646377,-74.023087,71,"KEY, CREDITCARD",27,FALSE,25,0,2,0,TRUE,TRUE,TRUE,FALSE,03/07/2024 00:06
66db269c-0aca-11e7-82f6-3863bb44ef7c,Franklin St & W Broadway,5430.08,40.71911552,-74.00666661,71,"KEY, CREDITCARD",33,FALSE,26,5,2,0,TRUE,TRUE,TRUE,FALSE,03/07/2024 00:06
a617924a-31b7-45ed-8793-099b7274f34c,11 St & 43 Ave,6438.04,40.7519071,-73.9479119,71,"KEY, CREDITCARD",28,FALSE,26,0,2,0,TRUE,TRUE,TRUE,FALSE,03/07/2024 00:07
1890927910885612334,Woodhaven Blvd & Hoffman Dr,5845.02,40.73303,-73.871,0,"KEY, CREDITCARD",30,FALSE,26,2,2,0,TRUE,TRUE,TRUE,FALSE,03/07/2024 00:06
711ccb32-e1bc-4577-ac7b-50592cc9b8a0,58 St & Pier 4,3220.01,40.646475,-74.026081,71,"KEY, CREDITCARD",31,FALSE,27,1,2,1,TRUE,TRUE,TRUE,FALSE,03/07/2024 00:07
66dccc99-0aca-11e7-82f6-3863bb44ef7c,Union Ave & Wallabout St,4818.03,40.70029511,-73.95032283,71,"KEY, CREDITCARD",31,FALSE,27,1,2,0,TRUE,TRUE,TRUE,FALSE,03/07/2024 00:06
e85c3165-ad0a-44a3-9683-d8cf7575f465,Caton Ave & E 10 St,3230.01,40.648481,-73.97058,71,"KEY, CREDITCARD",30,FALSE,28,0,2,0,TRUE,TRUE,TRUE,FALSE,03/07/2024 00:05
18eccc71-66be-4e4c-8335-095a9bf0df94,Adam Clayton Powell Blvd & W 126 St,7738.04,40.80949535,-73.94776493,71,"KEY, CREDITCARD",33,FALSE,28,3,2,0,TRUE,TRUE,TRUE,FALSE,03/07/2024 00:06
1893519215751496610,40 St & 3 Ave,3388.03,40.6535,-74.00902,0,"KEY, CREDITCARD",31,FALSE,28,1,2,0,TRUE,TRUE,TRUE,FALSE,03/07/2024 00:06
1906248765431831024,82 St & Broadway,6132.01,40.74281,-73.88296,0,"KEY, CREDITCARD",30,FALSE,28,0,2,0,TRUE,TRUE,TRUE,FALSE,03/07/2024 00:05
66dc90d5-0aca-11e7-82f6-3863bb44ef7c,Little West St & 1 Pl,5001.08,40.70569254,-74.01677685,71,"KEY, CREDITCARD",35,FALSE,30,3,2,0,TRUE,TRUE,TRUE,FALSE,03/07/2024 00:07
4b67c6e0-d603-4fbc-afbe-0b8952f4f7af,E 161 St & River Ave,8041.07,40.827883,-73.927111,71,"KEY, CREDITCARD",38,FALSE,31,4,2,0,TRUE,TRUE,TRUE,FALSE,03/07/2024 00:06
66dde559-0aca-11e7-82f6-3863bb44ef7c,E 91 St & Park Ave,7344.05,40.7835016,-73.955327,71,"KEY, CREDITCARD",35,FALSE,31,2,2,0,TRUE,TRUE,TRUE,FALSE,03/07/2024 00:06
3013d5ac-f7bb-4e98-a49a-b9f7b76a3b50,58 St & 2 Ave,3138.09,40.644512,-74.021506,71,"KEY, CREDITCARD",35,FALSE,32,1,2,0,TRUE,TRUE,TRUE,FALSE,03/07/2024 00:07
66dd455e-0aca-11e7-82f6-3863bb44ef7c,E 85 St & 3 Ave,7212.05,40.77801203,-73.95407149,71,"KEY, CREDITCARD",39,FALSE,33,3,2,0,TRUE,TRUE,TRUE,FALSE,03/07/2024 00:07
66dbf73d-0aca-11e7-82f6-3863bb44ef7c,Barclay St & Church St,5216.04,40.71291224,-74.01020234,71,"KEY, CREDITCARD",37,FALSE,33,2,2,0,TRUE,TRUE,TRUE,FALSE,03/07/2024 00:06
66db3708-0aca-11e7-82f6-3863bb44ef7c,Old Fulton St,4903.08,40.70277159,-73.99383605,71,"KEY, CREDITCARD",39,FALSE,35,2,2,0,TRUE,TRUE,TRUE,FALSE,03/07/2024 00:07
66dd1585-0aca-11e7-82f6-3863bb44ef7c,Union Ave & N 12 St,5411.07,40.71924,-73.95242,71,"KEY, CREDITCARD",39,FALSE,35,1,2,0,TRUE,TRUE,TRUE,FALSE,03/07/2024 00:07
66db4158-0aca-11e7-82f6-3863bb44ef7c,Mott St & Prince St,5561.04,40.72317958,-73.99480012,71,"KEY, CREDITCARD",39,FALSE,35,2,2,0,TRUE,TRUE,TRUE,FALSE,03/07/2024 00:07
66de1368-0aca-11e7-82f6-3863bb44ef7c,Pioneer St & Van Brunt St,4169.04,40.679043,-74.011169,71,"KEY, CREDITCARD",39,FALSE,36,1,2,0,TRUE,TRUE,TRUE,FALSE,03/07/2024 00:05
66db7152-0aca-11e7-82f6-3863bb44ef7c,St James Pl & Oliver St,5238.05,40.71307916,-73.99851193,71,"KEY, CREDITCARD",48,FALSE,38,8,2,0,TRUE,TRUE,TRUE,FALSE,03/07/2024 00:06
66dea4bf-0aca-11e7-82f6-3863bb44ef7c,Bayard St & Leonard St,5442.05,40.71915572,-73.94885391,71,"KEY, CREDITCARD",43,FALSE,39,1,2,0,TRUE,TRUE,TRUE,FALSE,03/07/2024 00:07
014a931b-8e1c-438a-8a22-f267ddd1e0d2,Peck Slip & South St,5096.12,40.70751888,-74.00108054,71,"KEY, CREDITCARD",45,FALSE,39,3,2,0,TRUE,TRUE,TRUE,FALSE,03/07/2024 00:06
66db2a71-0aca-11e7-82f6-3863bb44ef7c,Barrow St & Hudson St,5805.05,40.73172428,-74.00674436,71,"KEY, CREDITCARD",45,FALSE,40,3,2,0,TRUE,TRUE,TRUE,FALSE,03/07/2024 00:07
dd482585-3028-453f-a98d-55019db9b26c,2 Ave & 36 St,3460.01,40.65708867,-74.00870204,71,"KEY, CREDITCARD",43,FALSE,40,0,2,0,TRUE,TRUE,TRUE,FALSE,03/07/2024 00:07
3e9e50cc-f336-439f-bd0b-dec5499c038d,Albany St & Greenwich St,5145.02,40.709267,-74.013247,71,"KEY, CREDITCARD",46,FALSE,42,2,2,0,TRUE,TRUE,TRUE,FALSE,03/07/2024 00:06
66db3e32-0aca-11e7-82f6-3863bb44ef7c,Carlton Ave & Flushing Ave,4732.08,40.697787,-73.973736,71,"KEY, CREDITCARD",46,FALSE,42,1,2,0,TRUE,TRUE,TRUE,FALSE,03/07/2024 00:06
66de2b2f-0aca-11e7-82f6-3863bb44ef7c,3 St & Hoyt St,4110.1,40.6777287,-73.99364123,71,"KEY, CREDITCARD",53,FALSE,47,2,2,0,TRUE,TRUE,TRUE,FALSE,03/07/2024 00:06
66db8d89-0aca-11e7-82f6-3863bb44ef7c,Vesey Pl & River Terrace,5297.02,40.7153379,-74.01658354,71,"KEY, CREDITCARD",57,FALSE,51,3,2,0,TRUE,TRUE,TRUE,FALSE,03/07/2024 00:07
66dbe8d6-0aca-11e7-82f6-3863bb44ef7c,Centre St & Chambers St,5207.01,40.71273266,-74.0046073,71,"KEY, CREDITCARD",57,FALSE,51,3,2,0,TRUE,TRUE,TRUE,FALSE,03/07/2024 00:07
c38e2cfc-04e6-419c-8bf8-d8713ccf6ea7,Bridge St & York St,4853.06,40.70133448,-73.98471236,71,"KEY, CREDITCARD",54,FALSE,52,0,2,0,TRUE,TRUE,TRUE,FALSE,03/07/2024 00:07
3b7cdac2-c7cb-413b-b8e4-7ee5c58260a4,N Moore St & Hudson St,5470.02,40.71996118,-74.00844321,71,"KEY, CREDITCARD",66,FALSE,61,3,2,0,TRUE,TRUE,TRUE,FALSE,03/07/2024 00:07
66db4351-0aca-11e7-82f6-3863bb44ef7c,Lispenard St & Broadway,5391.06,40.71939226,-74.00247214,71,"KEY, CREDITCARD",79,FALSE,71,5,2,1,TRUE,TRUE,TRUE,FALSE,03/07/2024 00:05
116dbc02-a3c1-4b65-9f73-2a09a2aa1379,10 Ave & W 14 St,6157.04,40.7419816,-74.0083158,71,"KEY, CREDITCARD",81,FALSE,73,5,2,0,TRUE,TRUE,TRUE,FALSE,03/07/2024 00:06
1913995167022829826,72 St & 31 Ave,6686.07,40.7584,-73.89531,0,"KEY, CREDITCARD",3,FALSE,0,0,3,0,FALSE,FALSE,FALSE,FALSE,03/06/2024 11:09
dba67615-a7e0-4c44-ab1b-b464033ec9b9,Lorimer St & Calyer St,5709.04,40.72795,-73.95414,0,"KEY, CREDITCARD",20,FALSE,10,0,3,2,TRUE,TRUE,TRUE,FALSE,03/07/2024 00:06
66dd9183-0aca-11e7-82f6-3863bb44ef7c,Baldwin at Montgomery,JC020,40.7236589,-74.0641943,70,"KEY, CREDITCARD",14,FALSE,10,1,3,0,TRUE,TRUE,TRUE,FALSE,03/07/2024 00:07
1846086263936934630,53 Ave & 94 St,6037.02,40.73921,-73.86887,0,"KEY, CREDITCARD",20,FALSE,11,5,3,0,TRUE,TRUE,TRUE,FALSE,03/07/2024 00:06
6107e75a-2493-4e3d-a3e0-d4886d3416e5,Montgomery St,JC099,40.71942,-74.05099,70,"KEY, CREDITCARD",14,FALSE,11,0,3,0,TRUE,TRUE,TRUE,FALSE,03/07/2024 00:07
1845677022981917240,E 19 St & Beverley Rd,3148.09,40.64483,-73.9613,0,"KEY, CREDITCARD",19,FALSE,13,3,3,0,TRUE,TRUE,TRUE,FALSE,03/07/2024 00:06
1877651952425321214,Bronx Park S & Bryant Ave,8284.01,40.84437,-73.87796,0,"KEY, CREDITCARD",19,FALSE,13,3,3,0,TRUE,TRUE,TRUE,FALSE,03/07/2024 00:06
a4c9faeb-2234-457d-ad56-1ab14104b538,61 St & Woodside Ave,6191.06,40.74501,-73.9036,71,"KEY, CREDITCARD",20,FALSE,13,3,3,0,TRUE,TRUE,TRUE,FALSE,03/07/2024 00:06
581bc4fe-cf14-4767-8377-6fa156ff8a29,Morris Ave & E 153 St,7901.04,40.820036,-73.921411,71,"KEY, CREDITCARD",19,FALSE,14,2,3,0,TRUE,TRUE,TRUE,FALSE,03/07/2024 00:06
fac701fb-c433-496e-933b-ea137dbe7fe1,Andrew Ave N & Hall of Fame Tce,8520.01,40.85834,-73.91008,71,"KEY, CREDITCARD",19,FALSE,14,1,3,0,TRUE,TRUE,TRUE,FALSE,03/07/2024 00:07
40fd82d6-c0e9-4876-adfb-816140ecfc39,Fort Hamilton Pkwy & E 2 St,3280.04,40.648005,-73.979342,71,"KEY, CREDITCARD",19,FALSE,14,1,3,0,TRUE,TRUE,TRUE,FALSE,03/07/2024 00:06
062f0ac2-b3b6-4c15-b470-92ce9b592635,Bergen Ave & E 152 St,7858.02,40.817166,-73.914737,71,"KEY, CREDITCARD",21,FALSE,14,4,3,0,TRUE,TRUE,TRUE,FALSE,03/07/2024 00:05
1820420129807491554,Tilden Ave & Lott St,3214.04,40.64661,-73.95401,0,"KEY, CREDITCARD",19,FALSE,14,0,3,1,TRUE,TRUE,TRUE,FALSE,03/07/2024 00:06
1828965347681089818,Turner Pl & Coney Island Ave,3157.08,40.64521,-73.97073,0,"KEY, CREDITCARD",20,FALSE,15,2,3,0,TRUE,TRUE,TRUE,FALSE,03/07/2024 00:06
1817432787057164808,Cortelyou Rd & Stratford Rd,2898.01,40.63966,-73.96807,0,"KEY, CREDITCARD",21,FALSE,15,2,3,0,TRUE,TRUE,TRUE,FALSE,03/07/2024 00:06
1845676917264180046,Snyder Ave & Schenectady Ave,3300.06,40.65,-73.93296,0,"KEY, CREDITCARD",19,FALSE,15,1,3,0,TRUE,TRUE,TRUE,FALSE,03/07/2024 00:07
1826348745879909352,71 St & 32 Ave,6612.09,40.75675,-73.89595,0,"KEY, CREDITCARD",19,FALSE,15,1,3,0,TRUE,TRUE,TRUE,FALSE,03/07/2024 00:06
1846086027713733188,90 St & 51 Ave,6080.07,40.73937,-73.87411,0,"KEY, CREDITCARD",19,FALSE,15,1,3,0,TRUE,TRUE,TRUE,FALSE,03/07/2024 00:05
5145ad1c-241f-4448-a742-739bd5c518c2,64 St & 51 Ave,5956.04,40.73577,-73.90184,71,"KEY, CREDITCARD",19,FALSE,16,0,3,0,TRUE,TRUE,TRUE,FALSE,03/07/2024 00:06
29a41b09-698f-43e2-82ff-f94f73e74841,41 St & 3 Ave,3388.02,40.652512,-74.008906,71,"KEY, CREDITCARD",19,FALSE,16,0,3,0,TRUE,TRUE,TRUE,FALSE,03/07/2024 00:05
1849009534951225816,Corona Ave & 98 St,6188.04,40.74448,-73.86516,0,"KEY, CREDITCARD",19,FALSE,16,0,3,0,TRUE,TRUE,TRUE,FALSE,03/07/2024 00:06
fe65853e-b20a-4250-9677-2aa177283b72,Lenox Ave & W 144 St,7910.01,40.819783,-73.936521,71,"KEY, CREDITCARD",22,FALSE,16,1,3,1,TRUE,TRUE,TRUE,FALSE,03/07/2024 00:07
f752c376-3a6f-4cd3-b9fd-3c049d45a9a6,Jerome Ave & Ogden Ave,8081.01,40.829797,-73.931015,71,"KEY, CREDITCARD",21,FALSE,16,2,3,0,TRUE,TRUE,TRUE,FALSE,03/07/2024 00:06
e0b80983-c520-47e3-9c8d-a17fff5e5582,E 169 St & Webster Ave,8122.04,40.834015,-73.908863,71,"KEY, CREDITCARD",21,FALSE,16,2,3,0,TRUE,TRUE,TRUE,FALSE,03/07/2024 00:06
99b7c9a5-9679-417f-b884-21c4b240aa99,10 Ave & W 204 St,8579.09,40.862638,-73.92006,71,"KEY, CREDITCARD",20,FALSE,16,1,3,0,TRUE,TRUE,TRUE,FALSE,03/07/2024 00:06
e0a9ed84-55f9-40f5-90fa-87db17d2f933,Melrose Ave & E 154 St,7918.12,40.819609,-73.916071,71,"KEY, CREDITCARD",19,FALSE,16,0,3,0,TRUE,TRUE,TRUE,FALSE,03/07/2024 00:06
f0115d11-c678-4274-8bb7-d486dbb63361,Dyckman St & 10 Ave,8507.02,40.85890448,-73.92309397,71,"KEY, CREDITCARD",19,FALSE,16,0,3,0,TRUE,TRUE,TRUE,FALSE,03/07/2024 00:07
1828966747840428256,73 St & 25 Ave,6757.03,40.76205,-73.895,0,"KEY, CREDITCARD",19,FALSE,16,0,3,0,TRUE,TRUE,TRUE,FALSE,03/07/2024 00:05
eb217a2c-1dd0-4690-a34e-ecc1a708f883,4 Ave & Shore Road Dr,2832.03,40.637033,-74.022141,71,"KEY, CREDITCARD",20,FALSE,17,0,3,0,TRUE,TRUE,TRUE,FALSE,03/07/2024 00:07
1848241963446241866,97 St & 57 Ave,5953.03,40.73727,-73.86415,0,"KEY, CREDITCARD",20,FALSE,17,0,3,0,TRUE,TRUE,TRUE,FALSE,03/07/2024 00:06
7f1b4c40-d9fa-4182-be0e-a993655cfb6f,Brook Ave & E 138 St,7707.08,40.807408,-73.91924,71,"KEY, CREDITCARD",23,FALSE,17,2,3,1,TRUE,TRUE,TRUE,FALSE,03/07/2024 00:07
eb8fcff2-6f58-4724-b564-ebc9a8d374d8,Clarkson Ave & Utica Ave,3486.02,40.65666,-73.93109,71,"KEY, CREDITCARD",20,FALSE,17,0,3,0,TRUE,TRUE,TRUE,FALSE,03/07/2024 00:06
1846085927885781554,Corona Ave & 90 St,6123.02,40.74154,-73.87484,0,"KEY, CREDITCARD",22,FALSE,17,1,3,0,TRUE,TRUE,TRUE,FALSE,03/07/2024 00:07
1799624430022654108,Dwight St & Dikeman St,4054.06,40.67487504,-74.01048019,0,"KEY, CREDITCARD",21,FALSE,18,0,3,0,TRUE,TRUE,TRUE,FALSE,03/07/2024 00:07
ab6aadd8-fa45-43aa-abea-c8e01ec5a0c8,Stagg St & Morgan Ave,5170.01,40.710681,-73.93372,71,"KEY, CREDITCARD",23,FALSE,18,2,3,0,TRUE,TRUE,TRUE,FALSE,03/07/2024 00:07
9a52fbc1-d87a-4a65-941d-12fd55dbcdde,White St & Moore St,4987.06,40.704508,-73.9351,71,"KEY, CREDITCARD",21,FALSE,18,0,3,0,TRUE,TRUE,TRUE,FALSE,03/07/2024 00:06
1848242058183072050,99 St & 50 Ave,6146.01,40.74278,-73.86226,0,"KEY, CREDITCARD",21,FALSE,18,0,3,0,TRUE,TRUE,TRUE,FALSE,03/07/2024 00:06
36edabac-a0c2-471b-abaf-73fdb53a4e5f,Cypress Ave & St Felix Ave,4687.03,40.69559,-73.89927,71,"KEY, CREDITCARD",21,FALSE,18,0,3,0,TRUE,TRUE,TRUE,FALSE,03/07/2024 00:06
e7739b9e-7cc6-4cbb-98d3-669b8e2ae98b,57 St & 37 Ave,6426.05,40.75048,-73.90513,71,"KEY, CREDITCARD",22,FALSE,18,1,3,0,TRUE,TRUE,TRUE,FALSE,03/07/2024 00:07
8df41833-c7bf-4171-bdab-58d64f6ade54,E 3 St & Church Ave,3046.03,40.643817,-73.977433,71,"KEY, CREDITCARD",21,FALSE,18,0,3,0,TRUE,TRUE,TRUE,FALSE,03/07/2024 00:05
66db3a1e-0aca-11e7-82f6-3863bb44ef7c,Great Jones St,5636.11,40.72743423,-73.99379025,71,"KEY, CREDITCARD",23,FALSE,18,2,3,0,TRUE,TRUE,TRUE,FALSE,03/07/2024 00:07
40042fb4-6ddd-4f74-bb52-5af3e4e08c8d,Coffey St & Ferris St,4137.14,40.67818388,-74.01701689,71,"KEY, CREDITCARD",24,FALSE,18,2,3,0,TRUE,TRUE,TRUE,FALSE,03/07/2024 00:06
1861682182353914188,W 238 St & Tibbett Ave,8897.05,40.88602,-73.90232,0,"KEY, CREDITCARD",21,FALSE,18,0,3,0,TRUE,TRUE,TRUE,FALSE,03/07/2024 00:06
1854538387432581604,49 Ave & 108 St,6255.02,40.74535,-73.8558,0,"KEY, CREDITCARD",22,FALSE,19,1,3,0,TRUE,TRUE,TRUE,FALSE,03/07/2024 00:06
1849010226198182476,51 Ave & Corona Ave,6213.01,40.74373,-73.85583,0,"KEY, CREDITCARD",22,FALSE,19,0,3,0,TRUE,TRUE,TRUE,FALSE,03/07/2024 00:05
1823008749757202820,Clarkson Ave & Troy Ave,3454.01,40.65633,-73.93648,0,"KEY, CREDITCARD",23,FALSE,19,1,3,0,TRUE,TRUE,TRUE,FALSE,03/07/2024 00:06
5d049d4b-0736-4323-834a-1b2454bd6551,54 St & 37 Ave,6468.01,40.75098,-73.90799,71,"KEY, CREDITCARD",25,FALSE,19,3,3,0,TRUE,TRUE,TRUE,FALSE,03/07/2024 00:06
66dce660-0aca-11e7-82f6-3863bb44ef7c,Leonard St & Boerum St,5036.06,40.70583339,-73.94644578,71,"KEY, CREDITCARD",24,FALSE,19,2,3,0,TRUE,TRUE,TRUE,FALSE,03/07/2024 00:06
4c03fa2d-89da-4f0b-8f19-c7de5edbe256,E 147 St & Bergen Ave,7840.11,40.814673,-73.91839,71,"KEY, CREDITCARD",25,FALSE,20,1,3,0,TRUE,TRUE,TRUE,FALSE,03/07/2024 00:07
8456b63c-37c6-49a6-8c02-bb6dcfc35041,Seaman Ave & Isham St,8665.02,40.86989866,-73.92076313,71,"KEY, CREDITCARD",23,FALSE,20,0,3,0,TRUE,TRUE,TRUE,FALSE,03/07/2024 00:06
36b55a0f-e55d-4849-859a-09b3273fb782,23 St & 3 Ave,3707.01,40.662611,-73.998623,71,"KEY, CREDITCARD",24,FALSE,20,1,3,0,TRUE,TRUE,TRUE,FALSE,03/07/2024 00:07
f523c481-ba41-44ba-96e1-0c431fbea558,34 St & 48 Ave,6110.01,40.74082121,-73.93147185,71,"KEY, CREDITCARD",25,FALSE,21,1,3,0,TRUE,TRUE,TRUE,FALSE,03/07/2024 00:05
668ef22c-4665-4f42-bf6a-ab9e8a2899b1,Mt Morris Park W & W 120 St,7685.14,40.804038,-73.945925,71,"KEY, CREDITCARD",27,FALSE,21,3,3,0,TRUE,TRUE,TRUE,FALSE,03/07/2024 00:06
141eb0e0-e78d-411a-a0be-202a6424cc93,River Ave & E 151 St,7967.04,40.822217,-73.928939,71,"KEY, CREDITCARD",27,FALSE,21,2,3,1,TRUE,TRUE,TRUE,FALSE,03/07/2024 00:06
c01a9c97-6c04-4e3f-ad0b-958801d94ca1,Bay St & Court St,3931.09,40.671409,-74.001328,71,"KEY, CREDITCARD",26,FALSE,21,2,3,0,TRUE,TRUE,TRUE,FALSE,03/07/2024 00:06
1861678548643203686,Crotona Pkwy & Bronx Park S,8325.12,40.84784,-73.883,0,"KEY, CREDITCARD",25,FALSE,22,0,3,0,TRUE,TRUE,TRUE,FALSE,03/07/2024 00:06
1846086463217404850,94 St & 57 Ave,5920.03,40.73628,-73.86752,0,"KEY, CREDITCARD",25,FALSE,22,0,3,0,TRUE,TRUE,TRUE,FALSE,03/07/2024 00:06
f06c01c3-fd7f-443c-a0c7-fc9233d77f6a,67 St & Erik Pl,2733.03,40.633385,-74.016562,71,"KEY, CREDITCARD",25,FALSE,22,0,3,0,TRUE,TRUE,TRUE,FALSE,03/07/2024 00:05
66de07ec-0aca-11e7-82f6-3863bb44ef7c,3 Ave & 14 St,3850.03,40.6685455,-73.99333264,71,"KEY, CREDITCARD",25,FALSE,22,0,3,0,TRUE,TRUE,TRUE,FALSE,03/07/2024 00:07
1817432709747753390,Church Ave & E 42 St,3309.04,40.65127,-73.93818,0,"KEY, CREDITCARD",25,FALSE,22,0,3,0,TRUE,TRUE,TRUE,FALSE,03/07/2024 00:06
f5393bc2-36d4-4508-bf51-fa48d121f751,61 St & Queens Blvd,6116.03,40.74091,-73.90273,71,"KEY, CREDITCARD",27,FALSE,23,0,3,0,TRUE,TRUE,TRUE,FALSE,03/07/2024 00:07
1869851741257474316,3 Ave & E 189 St,8526.03,40.85985,-73.89135,0,"KEY, CREDITCARD",30,FALSE,23,4,3,0,TRUE,TRUE,TRUE,FALSE,03/07/2024 00:05
7938263e-e5b8-4ca7-b8bf-1adbaae5fead,Southern Blvd & E 149 St,7788.13,40.811892,-73.904192,71,"KEY, CREDITCARD",27,FALSE,24,0,3,0,TRUE,TRUE,TRUE,FALSE,03/07/2024 00:06
66dd2786-0aca-11e7-82f6-3863bb44ef7c,21 St & 43 Ave,6395.01,40.75052534,-73.94594845,71,"KEY, CREDITCARD",27,FALSE,24,0,3,0,TRUE,TRUE,TRUE,FALSE,03/07/2024 00:06
1884688942632618210,29 St & Skillman Ave,6194.06,40.744831,-73.938411,0,"KEY, CREDITCARD",27,FALSE,24,0,3,0,TRUE,TRUE,TRUE,FALSE,03/07/2024 00:07
77a498ea-5693-46cc-a4b1-6e428f574797,E 149 St & Park Ave,7884.04,40.818154,-73.925294,71,"KEY, CREDITCARD",27,FALSE,24,0,3,0,TRUE,TRUE,TRUE,FALSE,03/07/2024 00:06
33af8810-cda5-4b61-9c38-0235f9d59aaa,36 St & 4 Ave,3420.01,40.654144,-74.00422,71,"KEY, CREDITCARD",30,FALSE,24,2,3,1,TRUE,TRUE,TRUE,FALSE,03/07/2024 00:05
bd6f422b-d7ae-4d7e-9261-653fdd8e6888,12 St & Sinatra Dr N,HB201,40.75060414,-74.02402014,311,"KEY, CREDITCARD",28,FALSE,24,1,3,0,TRUE,TRUE,TRUE,FALSE,03/07/2024 00:05
5f63411c-91ce-4788-a567-d388cc812a15,Lexington Ave & E 127 St,7662.13,40.805726,-73.936322,71,"KEY, CREDITCARD",33,FALSE,26,3,3,0,TRUE,TRUE,TRUE,FALSE,03/07/2024 00:06
1857217122161783302,111 St & 49 Ave,6287.02,40.74612,-73.85272,0,"KEY, CREDITCARD",30,FALSE,26,0,3,0,TRUE,TRUE,TRUE,FALSE,03/07/2024 00:07
66dcf922-0aca-11e7-82f6-3863bb44ef7c,Metropolitan Ave & Meeker Ave,5300.05,40.71413311,-73.95234386,71,"KEY, CREDITCARD",30,FALSE,26,1,3,0,TRUE,TRUE,TRUE,FALSE,03/07/2024 00:06
6ae35aa8-644e-4b2c-b6a4-6570192f78ab,Davidson Ave & W Burnside Ave,8441.05,40.853646,-73.908731,71,"KEY, CREDITCARD",32,FALSE,28,1,3,0,TRUE,TRUE,TRUE,FALSE,03/07/2024 00:07
4753c1ba-a86e-431e-94fb-06403cdee4d7,Vernon Blvd & 47 Rd,6212.08,40.7449067,-73.9534573,71,"KEY, CREDITCARD",31,FALSE,28,0,3,0,TRUE,TRUE,TRUE,FALSE,03/07/2024 00:06
0e003543-3656-448f-8a93-029d265f2e26,Lenox Ave & W 111 St,7602.05,40.7987859,-73.9523,71,"KEY, CREDITCARD",36,FALSE,31,1,3,0,TRUE,TRUE,TRUE,FALSE,03/07/2024 00:06
66dde103-0aca-11e7-82f6-3863bb44ef7c,E 88 St & Park Ave,7293.1,40.7814107,-73.95595908,71,"KEY, CREDITCARD",38,FALSE,32,1,3,0,TRUE,TRUE,TRUE,FALSE,03/07/2024 00:06
66dde914-0aca-11e7-82f6-3863bb44ef7c,Butler St & Court St,4339.01,40.6849894,-73.99440329,71,"KEY, CREDITCARD",35,FALSE,32,0,3,0,TRUE,TRUE,TRUE,FALSE,03/07/2024 00:06
4dde902d-512c-4e9e-8899-a68424ed87c0,64 St & 3 Ave,2971.02,40.639978,-74.02324,71,"KEY, CREDITCARD",35,FALSE,32,0,3,0,TRUE,TRUE,TRUE,FALSE,03/07/2024 00:06
66db95e5-0aca-11e7-82f6-3863bb44ef7c,W 20 St & 7 Ave,6182.02,40.74238787,-73.99726235,71,"KEY, CREDITCARD",44,FALSE,35,5,3,0,TRUE,TRUE,TRUE,FALSE,03/07/2024 00:07
66dea894-0aca-11e7-82f6-3863bb44ef7c,Murray St & Greenwich St,5288.12,40.71485151,-74.01122332,71,"KEY, CREDITCARD",49,FALSE,36,9,3,0,TRUE,TRUE,TRUE,FALSE,03/07/2024 00:07
32cc1603-a4b5-4099-b7bf-681de451b04a,Walker St & Baxter St,5351.07,40.717411,-73.999573,71,"KEY, CREDITCARD",47,FALSE,41,3,3,0,TRUE,TRUE,TRUE,FALSE,03/07/2024 00:05
66db447a-0aca-11e7-82f6-3863bb44ef7c,Broad St & Bridge St,4962.08,40.70365182,-74.01167797,71,"KEY, CREDITCARD",49,FALSE,45,1,3,0,TRUE,TRUE,TRUE,FALSE,03/07/2024 00:06
1791188268875152272,N 9 St & Wythe Ave,5489.06,40.72054,-73.959,0,"KEY, CREDITCARD",49,FALSE,45,1,3,0,TRUE,TRUE,TRUE,FALSE,03/07/2024 00:06
66db7a0d-0aca-11e7-82f6-3863bb44ef7c,Leonard St & Church St,5359.11,40.717571,-74.005549,71,"KEY, CREDITCARD",54,FALSE,50,1,3,0,TRUE,TRUE,TRUE,FALSE,03/07/2024 00:06
1286480d-5d6d-4a47-9fac-e156dba2b6fc,Murray St & West St,5329.08,40.71503,-74.01246,71,"KEY, CREDITCARD",61,FALSE,52,5,3,0,TRUE,TRUE,TRUE,FALSE,03/07/2024 00:07
6067af3d-f7ed-4149-a394-2fc2eb295872,Greenwich St & Rector St,5073.07,40.70806582,-74.01355952,71,"KEY, CREDITCARD",59,FALSE,54,2,3,0,TRUE,TRUE,TRUE,FALSE,03/07/2024 00:06
c1a4d909-0a00-475a-8e82-18ed13a4eb01,Whitehall St & Bridge St,4962.02,40.70366171,-74.01318133,71,"KEY, CREDITCARD",61,FALSE,55,3,3,0,TRUE,TRUE,TRUE,FALSE,03/07/2024 00:05
66db40ef-0aca-11e7-82f6-3863bb44ef7c,Lafayette St & Jersey St,5561.06,40.72456089,-73.99565293,71,"KEY, CREDITCARD",60,FALSE,55,2,3,0,TRUE,TRUE,TRUE,FALSE,03/07/2024 00:06
e8df73bd-5d3d-47c9-b04d-bcec4db5540f,Cliff St & Fulton St,5065.14,40.70838,-74.00495,71,"KEY, CREDITCARD",65,FALSE,61,1,3,0,TRUE,TRUE,TRUE,FALSE,03/07/2024 00:07
66dbf667-0aca-11e7-82f6-3863bb44ef7c,Pearl St & Hanover Square,4993.02,40.7047177,-74.00926027,71,"KEY, CREDITCARD",68,FALSE,62,3,3,0,TRUE,TRUE,TRUE,FALSE,03/07/2024 00:06
90c35466-db3c-4b0d-993e-6e92883773b4,6 Ave & Broome St,5610.09,40.72431,-74.00473,71,"KEY, CREDITCARD",72,FALSE,64,5,3,0,TRUE,TRUE,TRUE,FALSE,03/07/2024 00:06
66dc11a7-0aca-11e7-82f6-3863bb44ef7c,9 Ave & W 18 St,6190.08,40.74317449,-74.00366443,71,"KEY, CREDITCARD",84,FALSE,73,8,3,0,TRUE,TRUE,TRUE,FALSE,03/07/2024 00:07
549b5bc4-b949-4eeb-8ffb-2215e1e49892,Morton St & Washington St,5772.05,40.73115,-74.00887,71,"KEY, CREDITCARD",80,FALSE,75,2,3,0,TRUE,TRUE,TRUE,FALSE,03/07/2024 00:06
1827839088308194240,Gansevoort St & Hudson St,6072.16,40.73937601,-74.00520807,0,"KEY, CREDITCARD",120,FALSE,111,6,3,0,TRUE,TRUE,TRUE,FALSE,03/07/2024 00:07
d7632897-a6eb-4f8f-9ab2-c66426620fbf,E 134 St & Walnut Ave,7613.04,40.800425,-73.911034,71,"KEY, CREDITCARD",16,FALSE,10,2,4,0,TRUE,TRUE,TRUE,FALSE,03/07/2024 00:06
141ba25c-f4ea-4cec-ae7e-022401e23087,Norman St & Wyckoff Ave,4654.01,40.69517,-73.90311,71,"KEY, CREDITCARD",15,FALSE,10,1,4,0,TRUE,TRUE,TRUE,FALSE,03/07/2024 00:06
66de48f9-0aca-11e7-82f6-3863bb44ef7c,Henry St & W 9 St,4086.06,40.6763744,-74.00324957,71,"KEY, CREDITCARD",19,FALSE,12,3,4,0,TRUE,TRUE,TRUE,FALSE,03/07/2024 00:05
1869754004195029842,E 182 St & Belmont Ave,8410.1,40.85089,-73.88793,0,"KEY, CREDITCARD",22,FALSE,12,6,4,0,TRUE,TRUE,TRUE,FALSE,03/07/2024 00:07
1828967499459705054,82 St & 30 Ave,6748.04,40.76109,-73.88632,0,"KEY, CREDITCARD",19,FALSE,12,3,4,0,TRUE,TRUE,TRUE,FALSE,03/07/2024 00:05
bd30f2a1-38ec-474d-9e36-07f688e87427,Manhattan Ave & Leonard St,5442.09,40.72084,-73.94844,71,"KEY, CREDITCARD",18,FALSE,13,1,4,0,TRUE,TRUE,TRUE,FALSE,03/07/2024 00:07
be2bdee1-e3e9-45cc-94f0-2ba81a722ba3,Prospect Ave & Greenwood Ave,3312.07,40.651745,-73.975988,71,"KEY, CREDITCARD",20,FALSE,13,3,4,0,TRUE,TRUE,TRUE,FALSE,03/07/2024 00:05
98ebf9c6-1d94-4e21-9007-c623875fdb5e,E 144 St & Brook Ave,7777.02,40.811675,-73.917037,71,"KEY, CREDITCARD",19,FALSE,14,0,4,0,TRUE,TRUE,TRUE,FALSE,03/07/2024 00:07
cc5f0e68-dd5f-4db1-81c7-04a4d6674fba,Goble Pl & Macombs Rd,8269.01,40.844075,-73.917256,71,"KEY, CREDITCARD",19,FALSE,14,0,4,0,TRUE,TRUE,TRUE,FALSE,03/07/2024 00:06
760ebaea-f7c7-45ad-aa3b-395d97adcf8f,Adam Clayton Powell Blvd & W 115 St,7643.18,40.802535,-73.9532423,71,"KEY, CREDITCARD",22,FALSE,14,4,4,0,TRUE,TRUE,TRUE,FALSE,03/07/2024 00:05
79399e32-a6c6-4732-8ad4-9f9140a86b21,Center Blvd & 51 Ave,6179.07,40.74336608,-73.95960689,71,"KEY, CREDITCARD",19,FALSE,14,1,4,0,TRUE,TRUE,TRUE,FALSE,03/07/2024 00:07
daaa3ac1-594c-48d2-9431-a8ced305ed5a,69 St & 43 Ave,6108.03,40.74179,-73.89564,71,"KEY, CREDITCARD",19,FALSE,14,1,4,0,TRUE,TRUE,TRUE,FALSE,03/07/2024 00:05
1835250442210857240,Kingston Ave & E New York Ave,3648.08,40.66219,-73.94293,0,"KEY, CREDITCARD",21,FALSE,15,1,4,0,TRUE,TRUE,TRUE,FALSE,03/07/2024 00:06
48b19cc8-bf45-4602-89ac-a8c0a0560c43,Paul Ave & W 205 St,8782.01,40.87704,-73.88943,71,"KEY, CREDITCARD",19,FALSE,15,0,4,0,TRUE,TRUE,TRUE,FALSE,03/07/2024 00:06
e10a6e12-d98c-4625-940a-9f83d9b2f6c4,20 Ave & 42 St,7163.07,40.775415,-73.900063,71,"KEY, CREDITCARD",21,FALSE,15,2,4,0,TRUE,TRUE,TRUE,FALSE,03/07/2024 00:07
5d994b32-b7a5-450d-9bbb-93bf3b03e6d5,Intervale Ave & Kelly St,8044.09,40.827301,-73.896372,71,"KEY, CREDITCARD",20,FALSE,15,1,4,0,TRUE,TRUE,TRUE,FALSE,03/07/2024 00:06
45e8c326-b12d-4be6-b040-bb6de9986d25,Irving Ave & Harman St,4856.05,40.70108,-73.9179,71,"KEY, CREDITCARD",21,FALSE,15,2,4,0,TRUE,TRUE,TRUE,FALSE,03/07/2024 00:06
1869753195262578852,E 179 St & Daly Ave,8268.08,40.84335,-73.88247,0,"KEY, CREDITCARD",19,FALSE,15,0,4,0,TRUE,TRUE,TRUE,FALSE,03/07/2024 00:06
a33a2d11-33a5-46ad-a086-5698ac17b7b4,Nagle Ave & Thayer St,8563.06,40.861382,-73.925591,71,"KEY, CREDITCARD",34,FALSE,15,13,4,0,TRUE,TRUE,TRUE,FALSE,03/07/2024 00:07
1828966104320053340,72 St & Northern Blvd,6570.06,40.75473,-73.89458,0,"KEY, CREDITCARD",19,FALSE,15,0,4,0,TRUE,TRUE,TRUE,FALSE,03/07/2024 00:07
8dfff4bd-0f3c-43af-bc55-a63850f66c6b,Sands St Gate,4812.04,40.699569,-73.979827,71,"KEY, CREDITCARD",19,FALSE,15,0,4,0,TRUE,TRUE,TRUE,FALSE,03/07/2024 00:06
c7dbc7b5-240b-494d-8663-dbee4103a20c,Troy Ave & Park Pl,3934.07,40.67251,-73.93642,71,"KEY, CREDITCARD",21,FALSE,15,2,4,0,TRUE,TRUE,TRUE,FALSE,03/07/2024 00:07
1871698348432996504,Taylor St & Bedford Ave,4982.02,40.705774,-73.963252,0,"KEY, CREDITCARD",23,FALSE,16,3,4,0,TRUE,TRUE,TRUE,FALSE,03/07/2024 00:07
c3062f44-c5b9-4650-a4ec-cc66cbf5b944,Grand Concourse & E 199 St,8703.05,40.87142,-73.88839,71,"KEY, CREDITCARD",21,FALSE,16,1,4,0,TRUE,TRUE,TRUE,FALSE,03/07/2024 00:06
66de08c9-0aca-11e7-82f6-3863bb44ef7c,Clinton St & Centre St,4045.01,40.67434,-74.00194698,71,"KEY, CREDITCARD",21,FALSE,16,1,4,0,TRUE,TRUE,TRUE,FALSE,03/07/2024 00:06
66de4c32-0aca-11e7-82f6-3863bb44ef7c,7 St & 3 Ave,3996.01,40.67260298,-73.98983002,71,"KEY, CREDITCARD",24,FALSE,16,4,4,0,TRUE,TRUE,TRUE,FALSE,03/07/2024 00:06
7155b0a6-2545-4b02-ae8c-9c0c4220f8c3,46 St & 6 Ave,3161.02,40.645921,-74.005708,71,"KEY, CREDITCARD",21,FALSE,16,1,4,0,TRUE,TRUE,TRUE,FALSE,03/07/2024 00:06
e385c162-6a1a-4e7a-90c1-45d5b6fa1195,Madison St & 10 St,HB503,40.74994325,-74.03586477,311,"KEY, CREDITCARD",21,FALSE,16,1,4,0,TRUE,TRUE,TRUE,FALSE,03/07/2024 00:05
7aa86431-bbc5-4d9c-8198-9630c9d32a22,Chester Ave & 12 Ave,3135.04,40.644367,-73.984276,71,"KEY, CREDITCARD",21,FALSE,17,0,4,0,TRUE,TRUE,TRUE,FALSE,03/07/2024 00:05
3d68a3fd-91da-49e8-9cd5-69b333863789,Nagle Ave & Ellwood St,8528.05,40.86012,-73.928489,71,"KEY, CREDITCARD",21,FALSE,17,0,4,0,TRUE,TRUE,TRUE,FALSE,03/07/2024 00:06
517409d3-a94a-4140-a6de-ff0de9221ed2,Westchester Ave & E 156 St,7891.06,40.817802,-73.905203,71,"KEY, CREDITCARD",23,FALSE,17,2,4,0,TRUE,TRUE,TRUE,FALSE,03/07/2024 00:05
f34ea09d-32f9-492c-9124-99059bc0b5dd,Steinway St & 19 Ave,7220.01,40.778089,-73.899558,71,"KEY, CREDITCARD",21,FALSE,17,0,4,0,TRUE,TRUE,TRUE,FALSE,03/07/2024 00:07
1815967674683118258,E 49 St & Church Ave,3300.04,40.65182,-73.93135,0,"KEY, CREDITCARD",25,FALSE,17,4,4,0,TRUE,TRUE,TRUE,FALSE,03/07/2024 00:06
6076e321-85d8-4e0e-ae18-86bb8cbbda1b,Featherbed Ln & Jerome Ave,8285.11,40.845505,-73.914311,71,"KEY, CREDITCARD",21,FALSE,17,0,4,0,TRUE,TRUE,TRUE,FALSE,03/07/2024 00:06
8fc95e31-b025-4d2b-b5aa-240465366480,Grand Concourse & E 144 St,7845.06,40.816576,-73.927987,71,"KEY, CREDITCARD",23,FALSE,17,1,4,1,TRUE,TRUE,TRUE,FALSE,03/07/2024 00:07
08b9c491-a589-4e75-996c-2455c26fb356,Audubon Ave & W 179 St,8316.02,40.847305,-73.933291,71,"KEY, CREDITCARD",23,FALSE,18,1,4,0,TRUE,TRUE,TRUE,FALSE,03/07/2024 00:06
66dd8479-0aca-11e7-82f6-3863bb44ef7c,Essex Light Rail,JC038,40.7127742,-74.0364857,70,"KEY, CREDITCARD",22,FALSE,18,0,4,0,TRUE,TRUE,TRUE,FALSE,03/07/2024 00:07
c2d549f8-f54c-4a0d-9ecd-6e6f79118279,Cooper Ave & 65 Pl,4862.07,40.69953,-73.88873,71,"KEY, CREDITCARD",23,FALSE,19,0,4,0,TRUE,TRUE,TRUE,FALSE,03/07/2024 00:07
66dd01c5-0aca-11e7-82f6-3863bb44ef7c,Berry St & N 8 St,5379.09,40.7190095,-73.95852515,71,"KEY, CREDITCARD",27,FALSE,19,3,4,1,TRUE,TRUE,TRUE,FALSE,03/07/2024 00:05
66dd1d9c-0aca-11e7-82f6-3863bb44ef7c,Meserole Ave & Manhattan Ave,5666.04,40.72708584,-73.95299117,71,"KEY, CREDITCARD",28,FALSE,19,2,4,1,TRUE,TRUE,TRUE,FALSE,03/07/2024 00:07
3db2fa34-0b56-4644-9ae9-bbee1583e717,Bronx Shore Comfort Station,7618.01,40.80046,-73.92404,71,"KEY, CREDITCARD",25,FALSE,19,2,4,0,TRUE,TRUE,TRUE,FALSE,03/07/2024 00:06
4dcff9e7-7cb6-4d3d-ad67-c2e4c05933d3,E 156 St & Courtlandt Ave,7940.04,40.8212386,-73.91732991,71,"KEY, CREDITCARD",23,FALSE,19,0,4,0,TRUE,TRUE,TRUE,FALSE,03/07/2024 00:06
39112ced-337f-4b71-9df6-291cd4265cc9,Winthrop St & Nostrand Ave,3544.02,40.65707,-73.95005,71,"KEY, CREDITCARD",24,FALSE,19,1,4,0,TRUE,TRUE,TRUE,FALSE,03/07/2024 00:07
566935d6-4d66-4b42-9822-f2a816e357b9,E 114 St & 1 Ave,7540.02,40.7945663,-73.9362541,71,"KEY, CREDITCARD",26,FALSE,19,3,4,0,TRUE,TRUE,TRUE,FALSE,03/07/2024 00:06
66db277a-0aca-11e7-82f6-3863bb44ef7c,St James Pl & Pearl St,5167.06,40.71117416,-74.00016545,71,"KEY, CREDITCARD",27,FALSE,20,1,4,1,TRUE,TRUE,TRUE,FALSE,03/07/2024 00:07
1820420022433309054,E 34 St & Linden Blvd,3391.1,40.65302,-73.94599,0,"KEY, CREDITCARD",24,FALSE,20,0,4,0,TRUE,TRUE,TRUE,FALSE,03/07/2024 00:06
d33261e6-600e-4756-ad03-a9facbd8ace1,33 St & Queens Blvd,6185.07,40.74436532,-73.93172398,71,"KEY, CREDITCARD",24,FALSE,20,0,4,0,TRUE,TRUE,TRUE,FALSE,03/07/2024 00:06
1822663143025657920,Beverley Rd & Nostrand Ave,3132.09,40.64507,-73.9488,0,"KEY, CREDITCARD",25,FALSE,20,1,4,0,TRUE,TRUE,TRUE,FALSE,03/07/2024 00:06
0687075b-cf2d-4130-a859-fe841aafbd3f,Vernon Blvd & 41 Rd,6514.08,40.7552433,-73.9485678,71,"KEY, CREDITCARD",27,FALSE,21,2,4,0,TRUE,TRUE,TRUE,FALSE,03/07/2024 00:06
1843486597735840252,South Railroad Ave & Broadway,6090.03,40.741,-73.88027,0,"KEY, CREDITCARD",25,FALSE,21,0,4,0,TRUE,TRUE,TRUE,FALSE,03/07/2024 00:06
b5010362-af16-4357-8fb7-5958576954c0,Parade Pl & Crooke Ave,3376.02,40.651847,-73.965248,71,"KEY, CREDITCARD",30,FALSE,21,4,4,1,TRUE,TRUE,TRUE,FALSE,03/07/2024 00:07
22ac9559-d7f1-4dcd-ae3e-f6caf586a455,42 Pl & Northern Blvd,6520.07,40.753091,-73.920603,71,"KEY, CREDITCARD",25,FALSE,21,0,4,0,TRUE,TRUE,TRUE,FALSE,03/07/2024 00:06
66db3898-0aca-11e7-82f6-3863bb44ef7c,Spruce St & Nassau St,5137.1,40.71146364,-74.00552427,71,"KEY, CREDITCARD",34,FALSE,21,9,4,0,TRUE,TRUE,TRUE,FALSE,03/07/2024 00:06
1b00fb53-da32-4b14-9a9a-84a391c8951c,Amsterdam Ave & W 119 St,7727.07,40.8086249,-73.9596214,71,"KEY, CREDITCARD",29,FALSE,22,3,4,0,TRUE,TRUE,TRUE,FALSE,03/07/2024 00:07
1804894168423871442,Walton Ave & E 151 St,7945.03,40.82090904,-73.92753845,0,"KEY, CREDITCARD",29,FALSE,22,3,4,0,TRUE,TRUE,TRUE,FALSE,03/07/2024 00:06
c05cd2e2-74e8-4526-a62b-d631e005fdd8,Lexington Ave & E 111 St,7567.06,40.7954121,-73.9441232,71,"KEY, CREDITCARD",29,FALSE,22,0,4,3,TRUE,TRUE,TRUE,FALSE,03/07/2024 00:07
1786700154621508184,N Henry St & Norman Ave,5656.03,40.7277,-73.94395,0,"KEY, CREDITCARD",29,FALSE,23,2,4,0,TRUE,TRUE,TRUE,FALSE,03/07/2024 00:06
66db41bf-0aca-11e7-82f6-3863bb44ef7c,MacDougal St & Washington Sq,5797.01,40.73226398,-73.99852205,71,"KEY, CREDITCARD",33,FALSE,23,6,4,0,TRUE,TRUE,TRUE,FALSE,03/07/2024 00:06
b9720921-8170-43ea-a5ae-b61b9161eb49,5 Ave & E 87 St,7323.09,40.78232261,-73.95987511,71,"KEY, CREDITCARD",38,FALSE,23,7,4,0,TRUE,TRUE,TRUE,FALSE,03/07/2024 00:06
02fb0f6a-b1dc-4e1c-97f8-fe70462670a3,Park Circle & East Dr,3344.02,40.651566,-73.972212,71,"KEY, CREDITCARD",29,FALSE,23,2,4,0,TRUE,TRUE,TRUE,FALSE,03/07/2024 00:07
d5d589e6-457f-4cd4-bf78-59165dce28b2,Irving Ave & DeKalb Ave,4898.02,40.7027,-73.92095,71,"KEY, CREDITCARD",27,FALSE,23,0,4,0,TRUE,TRUE,TRUE,FALSE,03/07/2024 00:06
66dc3782-0aca-11e7-82f6-3863bb44ef7c,Grand St & Havemeyer St,5267.08,40.71286844,-73.95698119,71,"KEY, CREDITCARD",31,FALSE,25,0,4,2,TRUE,TRUE,TRUE,FALSE,03/07/2024 00:06
dfe2c398-ff5c-4a8d-83c8-fa18801540d8,Plaza Dr & W 170 St,8213.01,40.840484,-73.917946,71,"KEY, CREDITCARD",30,FALSE,25,1,4,0,TRUE,TRUE,TRUE,FALSE,03/07/2024 00:07
66db8fde-0aca-11e7-82f6-3863bb44ef7c,Watts St & Greenwich St,5578.02,40.72405549,-74.00965965,71,"KEY, CREDITCARD",35,FALSE,25,5,4,0,TRUE,TRUE,TRUE,FALSE,03/07/2024 00:06
66de4b0b-0aca-11e7-82f6-3863bb44ef7c,Court St & Nelson St,4077.07,40.6763947,-73.99869893,71,"KEY, CREDITCARD",33,FALSE,25,2,4,1,TRUE,TRUE,TRUE,FALSE,03/07/2024 00:07
1861682444178541220,Broadway & W 238 St,8879.03,40.88524,-73.90077,0,"KEY, CREDITCARD",30,FALSE,26,0,4,0,TRUE,TRUE,TRUE,FALSE,03/07/2024 00:06
18326827-dcae-47e0-8518-c4bb9e21eef6,Keegan Rd & 2 Ave,3019.03,40.6424314,-74.02553558,71,"KEY, CREDITCARD",35,FALSE,31,0,4,0,TRUE,TRUE,TRUE,FALSE,03/07/2024 00:06
66de2625-0aca-11e7-82f6-3863bb44ef7c,Central Park North & Adam Clayton Powell Blvd,7617.07,40.799484,-73.955613,71,"KEY, CREDITCARD",36,FALSE,32,0,4,0,TRUE,TRUE,TRUE,FALSE,03/07/2024 00:06
70634bc4-4d90-42d4-8f6a-3f29fa8f7f77,E 50 St & Park Ave,6659.1,40.757334,-73.974235,71,"KEY, CREDITCARD",37,FALSE,33,0,4,0,TRUE,TRUE,TRUE,FALSE,03/07/2024 00:05
43eac213-4603-4bc2-b6d6-b45013396282,Jay St & York St,4895.09,40.70140317,-73.9867267,71,"KEY, CREDITCARD",39,FALSE,34,0,4,0,TRUE,TRUE,TRUE,FALSE,03/07/2024 00:07
32c60668-a192-4d06-aa7c-6d6f7aed6b45,Vernon Blvd & 10 St,6937.07,40.7671863,-73.9373554,71,"KEY, CREDITCARD",41,FALSE,35,1,4,1,TRUE,TRUE,TRUE,FALSE,03/07/2024 00:05
1813395029173762108,E 94 St & Madison Ave,7344.01,40.78585105,-73.95482444,0,"KEY, CREDITCARD",43,FALSE,36,3,4,0,TRUE,TRUE,TRUE,FALSE,03/07/2024 00:07
c2800791-1911-4f2b-8fc7-bed280c557c0,Church St & Worth St,5359.13,40.71688538,-74.00650129,71,"KEY, CREDITCARD",45,FALSE,37,4,4,0,TRUE,TRUE,TRUE,FALSE,03/07/2024 00:06
66dd4841-0aca-11e7-82f6-3863bb44ef7c,E 77 St & 3 Ave,7092.06,40.77314236,-73.95856158,71,"KEY, CREDITCARD",46,FALSE,37,5,4,0,TRUE,TRUE,TRUE,FALSE,03/07/2024 00:07
1786697528321024934,N 5 St & Northside Piers,5458.02,40.719876,-73.963865,0,"KEY, CREDITCARD",45,FALSE,40,0,4,1,TRUE,TRUE,TRUE,FALSE,03/07/2024 00:05
66dcac42-0aca-11e7-82f6-3863bb44ef7c,Kent Ave & N 7 St,5489.03,40.72036775,-73.96165073,71,"KEY, CREDITCARD",54,FALSE,47,3,4,0,TRUE,TRUE,TRUE,FALSE,03/07/2024 00:07
66db3583-0aca-11e7-82f6-3863bb44ef7c,Liberty St & Broadway,5105.01,40.70905623,-74.01043382,71,"KEY, CREDITCARD",67,FALSE,57,6,4,0,TRUE,TRUE,TRUE,FALSE,03/07/2024 00:06
66dea6e1-0aca-11e7-82f6-3863bb44ef7c,E 58 St & Madison Ave,6839.04,40.76302594,-73.97209525,71,"KEY, CREDITCARD",66,FALSE,58,4,4,0,TRUE,TRUE,TRUE,FALSE,03/07/2024 00:06
66db3053-0aca-11e7-82f6-3863bb44ef7c,Warren St & W Broadway,5288.09,40.71473993,-74.00910627,71,"KEY, CREDITCARD",71,FALSE,62,5,4,0,TRUE,TRUE,TRUE,FALSE,03/07/2024 00:05
66dbcf18-0aca-11e7-82f6-3863bb44ef7c,Washington Pl & 6 Ave,5838.09,40.73224119,-74.00026394,71,"KEY, CREDITCARD",76,FALSE,68,4,4,0,TRUE,TRUE,TRUE,FALSE,03/07/2024 00:07
66db5fae-0aca-11e7-82f6-3863bb44ef7c,Grand Army Plaza & Central Park S,6839.1,40.7643971,-73.97371465,71,"KEY, CREDITCARD",96,FALSE,78,11,4,2,TRUE,TRUE,TRUE,FALSE,03/07/2024 00:06
17ba4945-b202-4667-965f-211d80622646,Dock 72 Way & Market St,4804.02,40.69985,-73.97141,71,"KEY, CREDITCARD",22,FALSE,6,4,5,7,TRUE,TRUE,TRUE,FALSE,03/07/2024 00:07
66dce5c9-0aca-11e7-82f6-3863bb44ef7c,Boerum St & Broadway,5004.02,40.70538077,-73.94976519,71,"KEY, CREDITCARD",19,FALSE,9,3,5,0,TRUE,TRUE,TRUE,FALSE,03/07/2024 00:06
914e3e7c-87da-4f52-aa03-5449c6361fa2,30 Ave & 21 St,6996.01,40.7703743,-73.9286078,71,"KEY, CREDITCARD",15,FALSE,9,1,5,0,TRUE,TRUE,TRUE,FALSE,03/07/2024 00:06
ba7bf20d-b6bc-43dd-bf30-acb940eaeec8,University Ave & W 168 St,8183.02,40.838706,-73.927034,71,"KEY, CREDITCARD",18,FALSE,9,4,5,0,TRUE,TRUE,TRUE,FALSE,03/07/2024 00:06
fea72f55-d296-47af-9446-149688dcccbd,Franklin Ave & E 169 St,8118.02,40.83171,-73.90208,71,"KEY, CREDITCARD",19,FALSE,10,4,5,0,TRUE,TRUE,TRUE,FALSE,03/07/2024 00:06
aa8270ec-4441-47d2-854b-5852e65fae66,Macombs Rd & Featherbed Ln,8307.05,40.84552,-73.91722,71,"KEY, CREDITCARD",19,FALSE,10,2,5,0,TRUE,TRUE,TRUE,FALSE,03/07/2024 00:06
66dd056e-0aca-11e7-82f6-3863bb44ef7c,Graham Ave & Withers St,5403.04,40.7169811,-73.94485918,71,"KEY, CREDITCARD",18,FALSE,11,0,5,0,TRUE,TRUE,TRUE,FALSE,03/07/2024 00:07
66de5773-0aca-11e7-82f6-3863bb44ef7c,Pacific St & Nevins St,4362.04,40.6853761,-73.98302136,71,"KEY, CREDITCARD",18,FALSE,11,2,5,0,TRUE,TRUE,TRUE,FALSE,03/07/2024 00:05
22ab59a8-0af4-4101-9350-a7af88e37c2e,W 133 St & 12 Ave,7925.04,40.820003,-73.959089,71,"KEY, CREDITCARD",19,FALSE,12,2,5,0,TRUE,TRUE,TRUE,FALSE,03/07/2024 00:07
b713367c-3572-4225-b74a-9319ab537838,Sedgwick Ave & Hall of Fame Terrace,8539.02,40.859532,-73.913303,71,"KEY, CREDITCARD",19,FALSE,12,2,5,0,TRUE,TRUE,TRUE,FALSE,03/07/2024 00:06
66db63f4-0aca-11e7-82f6-3863bb44ef7c,Monroe St & Classon Ave,4336.01,40.6845683,-73.95881081,71,"KEY, CREDITCARD",19,FALSE,12,1,5,1,TRUE,TRUE,TRUE,FALSE,03/07/2024 00:07
66de47bf-0aca-11e7-82f6-3863bb44ef7c,Commerce St & Van Brunt St,4243.01,40.6812117,-74.00860912,71,"KEY, CREDITCARD",19,FALSE,12,2,5,0,TRUE,TRUE,TRUE,FALSE,03/07/2024 00:07
84b30f68-5404-453a-ae86-a2baff03a2c9,Bainbridge Ave & Bedford Park Blvd,8682.06,40.87002,-73.88565,71,"KEY, CREDITCARD",19,FALSE,12,2,5,0,TRUE,TRUE,TRUE,FALSE,03/07/2024 00:05
901ad0c4-383e-490a-8b54-0656ce2358d6,Bulova Ave & Brooklyn Queens Expressway W,6766.03,40.762507,-73.902534,71,"KEY, CREDITCARD",19,FALSE,13,1,5,0,TRUE,TRUE,TRUE,FALSE,03/07/2024 00:07
ca5cc034-a95d-446e-8314-6691589886b1,60 Ave & Fresh Pond Rd,5321.08,40.71693,-73.90198,71,"KEY, CREDITCARD",19,FALSE,13,1,5,0,TRUE,TRUE,TRUE,FALSE,03/07/2024 00:06
9ac5758f-0419-4e28-8387-6bcd28db17fa,E 141 St & St Ann's Ave,7722.06,40.808633,-73.916124,71,"KEY, CREDITCARD",19,FALSE,13,0,5,0,TRUE,TRUE,TRUE,FALSE,03/07/2024 00:07
2b33334b-243c-4a16-a6d2-32304c8884f1,Popham Ave & W 174 St,8348.02,40.847746,-73.922079,71,"KEY, CREDITCARD",20,FALSE,13,2,5,0,TRUE,TRUE,TRUE,FALSE,03/07/2024 00:07
